,id,PreventiveFlag,CombinedText
0,10001,0,MILLIE:  Polygylcan SA IM Arthritis Inj per ML | Complications of TPLO (Millie only) 
1,10002,0,Ebbet:  Zignature Kangaroo Formula 13oz. | vomiting and diarrhea 
2,10003,0,Ginger:  Office Visit | ear infection 
3,10004,0,Johnny:  Fluorescein Stain (per patient) |  CONJUNCTIVITIS 
4,10005,0,Johnny:  Office Examination/Consultation |  CONJUNCTIVITIS 
5,10006,0,Johnny:  Tobrex 0.3% ophthalmic solution 5ml |  CONJUNCTIVITIS 
6,10007,0,Molly:  RADIOGRAPH (INITIAL) | got into a childrens soother  
7,10008,0,Molly:  CONSULTATION | got into a childrens soother  
8,10009,0,Molly:  Vomiting induction/injection | got into a childrens soother  
9,10010,0,Molly:  Apomorphine Inj. 3mg/ml | got into a childrens soother  
10,10011,0,Molly:  Cerenia 10mg/ml  Inj. DIN 02299542 | got into a childrens soother  
11,10012,0,Thor:  DrontalPlusCanine136 mg Rx | Urinalysis 
12,10013,0,Thor:  Exam Physical | Urinalysis 
13,10014,0,Thor:  Lab Urinalysis Complete IN HOUSE | Urinalysis 
14,10015,0,Thor:  Medical Waste Fee | Urinalysis 
15,10016,0,Calvin:  Wellness Exam | Left ACL repair 9/13/18 DASUQUIN AND FREE FORM FATTY ACIDS
16,10017,0,Calvin:  Bordetella Inj 1 Year | Left ACL repair 9/13/18 DASUQUIN AND FREE FORM FATTY ACIDS
17,10018,0,Calvin:  Lyme ( CR) 1 Year | Left ACL repair 9/13/18 DASUQUIN AND FREE FORM FATTY ACIDS
18,10019,0,Calvin:  IDX Lab 4Dx Plus Test - Canine | Left ACL repair 9/13/18 DASUQUIN AND FREE FORM FATTY ACIDS
19,10020,0,Calvin:  Free Form Snip Tips Med/Lg Dogs 60ct | Left ACL repair 9/13/18 DASUQUIN AND FREE FORM FATTY ACIDS
20,10021,0,Calvin:  Hypoallergenic Treats Canine 12oz | Left ACL repair 9/13/18 DASUQUIN AND FREE FORM FATTY ACIDS
21,10022,1,Calvin:  Leptospirosis 1 Year | Left ACL repair 9/13/18 DASUQUIN AND FREE FORM FATTY ACIDS
22,10023,1,Calvin:  DA2P-Pv  3 Year | Left ACL repair 9/13/18 DASUQUIN AND FREE FORM FATTY ACIDS
23,10024,0,Calvin:  Dasuquin Advanced Tabs Lg 140ct | Left ACL repair 9/13/18 DASUQUIN AND FREE FORM FATTY ACIDS
24,10025,0,Calvin:  Anal Glands Expressed | Left ACL repair 9/13/18 DASUQUIN AND FREE FORM FATTY ACIDS
25,10026,0,Sophie:  Vetri-Flex Chews 60ct | Allergies 
26,10027,0,Sophie:  Express Ease Bite Sized Chews | Allergies 
27,10028,0,Isabella:  Adequan Injections | limping 
28,10029,0,MISSY:  Denamarin Med Dogs 13-34Lb  | Follow up Bladder Stones and Liver Disease 
29,10030,0,Chipper:  Brief Office Call | New subcutaneous mass 
30,10031,0,Chipper:  IDEXX Cytology with Microscopic Desc | New subcutaneous mass 
31,10032,0,Chipper:  Medical Waste Disposal Fee | New subcutaneous mass 
32,10033,0,Chloe:  Junior Canine Preventative Panel | UTI 
33,10034,0,Chloe:  Comprehensive Examination | UTI 
34,10035,0,Chloe:  Convenia Injection Per 0.1 ml | UTI 
35,10036,0,APPLE:  Clavamox Drops | odor from mouth 
36,10037,0,APPLE:  A - CBC/Chemistry | odor from mouth 
37,10038,0,APPLE:  COMPREHENSIVE EXAM - CANINE | odor from mouth 
38,10039,0,Chipper:  INTRANASAL BORDATELLA | lyme/lepto vaccines + obesity 
39,10040,0,Chipper:  Medical Waste/Osha compliance | lyme/lepto vaccines + obesity 
40,10041,0,Chipper:  PURINA DH SMALL BITES (K9) 6 LBS | lyme/lepto vaccines + obesity 
41,10042,1,Chipper:  ANNUAL LEPTOSPIROSIS VAX 4 | lyme/lepto vaccines + obesity 
42,10043,0,Chipper:  Very Important Pet ( VIP) VISIT | lyme/lepto vaccines + obesity 
43,10044,1,Chipper:  ANNUAL LYME VAX | lyme/lepto vaccines + obesity 
44,10045,0,RAVEN:  Endosorb Tablet | diarrhea 
45,10046,0,Minnie Marshmallow:  Chlorpheniramine 4mg | Hepatitis/IBD/Allergic Dermatitis/crystals in urine 
46,10047,0,Minnie Marshmallow:  zCytoPoint 10mg 0-10lb | Hepatitis/IBD/Allergic Dermatitis/crystals in urine 
47,10048,0,Minnie Marshmallow:  CytoPoint Inj Administration | Hepatitis/IBD/Allergic Dermatitis/crystals in urine 
48,10049,0,Skar:  Biohazard/Sharps Disposal | pre-surgical lab work for mass removal 
49,10050,0,Skar:  Pre-Anesthetic Vital Organ Screen | pre-surgical lab work for mass removal 
50,10051,0,Nala:  METRONIDAZOLE SUSPENSION  | DIARRHEA  
51,10052,0,Nala:  CANINE GI LOW FAT - HOME CARE KIT  | DIARRHEA  
52,10053,0,MAIKA:  Schirmer Tear Test | otitis externa/conjunctivitis 
53,10054,0,MAIKA:  Intraocular pressure test | otitis externa/conjunctivitis 
54,10055,0,MAIKA:  Ear Packing | otitis externa/conjunctivitis 
55,10056,0,MAIKA:  Fluorescein ulcer test | otitis externa/conjunctivitis 
56,10057,0,MAIKA:  Ear culture/sens. | otitis externa/conjunctivitis 
57,10058,0,MAIKA:  Ear Canal Lavage | otitis externa/conjunctivitis 
58,10059,0,MAIKA:  Convenia Injection | otitis externa/conjunctivitis 
59,10060,0,Bumi:  Pvd (C) Fortiflora Pkg | Canine Papilloma Virus 
60,10061,0,Bumi:  Exam./Office Call/Consultation | Canine Papilloma Virus 
61,10062,0,Bumi:  Anal Glands w/exam | Canine Papilloma Virus 
62,10063,1,Elvira:  Heartworm Check In House | Hypothyroidisim 
63,10064,1,Elvira:  Canine Influenza BIVALENT Annual vx | Hypothyroidisim 
64,10065,1,Elvira:  Lyme Vaccine Annual | Hypothyroidisim 
65,10066,0,Elvira:  Thyro-Tabs 0.4mg Tab | Hypothyroidisim 
66,10067,0,Elvira:  Thyroid MONITORING Profile(MSU)20012  | Hypothyroidisim 
67,10068,0,Elvira:  Recheck/Exam | Hypothyroidisim 
68,10069,0,"Riley Rose:  Gabapentin 300mg | Otitis Externa AU, Dermatitis Focal LH "
69,10070,0,"Riley Rose:  Skin Scraping | Otitis Externa AU, Dermatitis Focal LH "
70,10071,1,"Riley Rose:  Tri Heart Plus 51-100lb Brown | Otitis Externa AU, Dermatitis Focal LH "
71,10072,0,"Riley Rose:  Ear Mite Swab/Test | Otitis Externa AU, Dermatitis Focal LH "
72,10073,0,"Riley Rose:  Mometamax Suspension 15gm | Otitis Externa AU, Dermatitis Focal LH "
73,10074,0,"Riley Rose:  Mal-A-Ket Wipes 50ct | Otitis Externa AU, Dermatitis Focal LH "
74,10075,0,"Riley Rose:  Meloxidyl Oral Susp 1.5mg/ml 32ml | Otitis Externa AU, Dermatitis Focal LH "
75,10076,0,"Riley Rose:  Ear Cleaning | Otitis Externa AU, Dermatitis Focal LH "
76,10077,0,"Riley Rose:  Comprehensive Illness Exam | Otitis Externa AU, Dermatitis Focal LH "
77,10078,0,"Rudy:  Re-examination/consultation | Tylosin for soft stool, appetite stimulant, gastro food "
78,10079,0,"Rudy:  Tylosin Tartrate(compounded)100mg tabs  | Tylosin for soft stool, appetite stimulant, gastro food "
79,10080,0,"Rudy:  Mirtazapine (compounded) 1mg capsules | Tylosin for soft stool, appetite stimulant, gastro food "
80,10081,0,"Rudy:  RC Feline Gastro Moderate Calorie 1.5kg | Tylosin for soft stool, appetite stimulant, gastro food "
81,10082,0,"Rudy:  RC Feline Gastro Moderate Calorie /can | Tylosin for soft stool, appetite stimulant, gastro food "
82,10083,0,Shelby:  Exam/Consult | Dermal Mass 
83,10084,0,Shelby:  GPH Preanesthetic Profile BCl | Dermal Mass 
84,10085,0,Duncan:  RCVD LF Gastro Low Fat K9 17.6lbs | Diarrhea  
85,10086,0,Duncan:  RCVD LF Gastro Low Fat K9 13.6oz | Diarrhea  
86,10087,0,FERGUS:  Quadritop Ointment 15ml Tube (Animax)  |  seasonal allergy meds 
87,10088,0,FERGUS:  APOQUEL16mg Tablets |  seasonal allergy meds 
88,10089,0,Monty:  Re-Exam | Elevated creatinine & Alt 
89,10090,0,Monty:  SDMA | Elevated creatinine & Alt 
90,10091,0,Monty:  Urinalysis-Lab | Elevated creatinine & Alt 
91,10092,0,Sophie:  IDX - Cholesterol | on going claim from bladder stones 
92,10093,0,Sophie:  Blood Collection Fee | on going claim from bladder stones 
93,10094,0,Sophie:  IDX - Triglycerides | on going claim from bladder stones 
94,10095,0,Baby Belle:  Radiograph - Initial View | recheck for bladder stones 
95,10096,0,Baby Belle:  Zeniquin 25mg (Marbofloxacin) | recheck for bladder stones 
96,10097,0,Baby Belle:  Exam - Brief/Recheck | recheck for bladder stones 
97,10098,0,Snowy:  Glandex 70gr | Anal Glands 
98,10099,0,Bowser:  Radiology Single Cavity Multi-View Study | gastritis 
99,10100,0,Bowser:  Idexx Consult Radiology Per Case  | gastritis 
100,10101,0,Bowser:  RC Hydrolyzed Protein HP K9 17.6lb | gastritis 
101,10102,0,Bowser:  Medical Progress Exam | gastritis 
102,10103,0,MAIKA:  Neo Poly Dex Ophthalmic Suspension 5ml | otitis externa/conjunctivitis 
103,10104,0,MAIKA:  EnteDerm Ointment 15ml | otitis externa/conjunctivitis 
104,10105,0,Hailey:  DA2PP Mature | Protein Losing enteropathy 
105,10106,1,Hailey:  Bordetella (Injectable) | Protein Losing enteropathy 
106,10107,0,Hailey:  Canine Wellness Exam | Protein Losing enteropathy 
107,10108,0,Cassie:  FortiFlora K9 30g | gastro upset 
108,10109,0,Harry:  MCRC Feline Adult cans | gastro upset 
109,10110,0,Blondie:  Examination - Follow Up 1 | Painful when touched 
110,10111,0,Blondie:  Clavamox/ Amoxi Clav 125mg #20201 | Painful when touched 
111,10112,0,Blondie:  Radiology - Additional Views | Painful when touched 
112,10113,0,Molly :  PTH/Ionized Calcium S16595 | Labwork 
113,10114,0,Molly :  Vetscreen SA025 | Labwork 
114,10115,0,Hollywood:  Medical Waste Disposal-State Mandated | acl sx  limping  
115,10116,0,Hollywood:  Adequan IM Injection per ml | acl sx  limping  
116,10117,0,Hollywood:  Legend  Joint Lubricant per ml | acl sx  limping  
117,10118,0,Hollywood:  Laser Therapy Treatment | acl sx  limping  
118,10119,0,"REILI:  Apoquel 16mg Tablet |  allergies, joint supplement "
119,10120,0,"REILI:  Dasuquin Adv. Tabs Small/Medium Dogs |  allergies, joint supplement "
120,10121,0,Audrey:  Follow Up - Cardiology | Cardiac Mitrial Valve Disease 
121,10122,0,Audrey:  Radiograph - Initial 2 views | Cardiac Mitrial Valve Disease 
122,10123,0,Smokie:  Hill's K9 I/D Bag 8.5# | Diarrhea 
123,10124,0,Smokie:  Examination | Diarrhea 
124,10125,0,Smokie:  Regulated Medical Waste Disposal Fee | Diarrhea 
125,10126,0,Smokie:  Antibiotic Injection - Ampicillin | Diarrhea 
126,10127,0,Smokie:  Metronidazole 500mg | Diarrhea 
127,10128,0,Smokie:  Anti-Diarrhea Administration - Diagel | Diarrhea 
128,10129,0,Smokie:  Giardia Test - In House | Diarrhea 
129,10130,0,Smokie:  ProPectalin 30cc | Diarrhea 
130,10131,0,Doc:  MCRC K9 Gi Puppy 10kg | Giardia 
131,10132,0,Sammy:  Cefpodoxime 100mg | hot spot  
132,10133,0,Sammy:  Deramaxx 12 mg | hot spot  
133,10134,0,Sammy:  Exam /Office Visit - Sick - Dog/Cat | hot spot  
134,10135,0,Keira:  Cytopoint 40mg injection per vial | allergies 
135,10136,0,Carmella:  Clavamox 375 mg #14 tablet strip #48890 | pyelonephritis 
136,10137,0,Carmella:  Aerobic Culture And Mic | pyelonephritis 
137,10138,0,"Carmella:  Adult Chem, CBC | pyelonephritis "
138,10139,0,Jethro:  X-Ray 2 Full Views & Interpretation  | allergies and coughing 
139,10140,0,Jethro:  Anal Sac Expression | allergies and coughing 
140,10141,0,Jethro:  Exam- Consultation | allergies and coughing 
141,10142,0,Jethro:  Fecal (Antech) T805 | allergies and coughing 
142,10143,0,Jethro:  Trazadone 100mg Tablets | allergies and coughing 
143,10144,0,Camouflage:  XRAY-ADDITIONAL FILMS | cont of care from er visit 
144,10145,0,Camouflage:  Medical Waste Disposal-State Mandated | cont of care from er visit 
145,10146,0,Camouflage:  Centesis - thoracic (chest) | cont of care from er visit 
146,10147,0,Camouflage:  IV Catheter Placement  | cont of care from er visit 
147,10148,0,Camouflage:  Euthanasia Weight 0-15 lbs. | cont of care from er visit 
148,10149,0,Camouflage:  Medical Waste Disposal-State Mandated | cont of care from er visit 
149,10150,0,Camouflage:  Sedative Inj. Pre-Euthanasia Small Do | cont of care from er visit 
150,10151,0,Camouflage:  Chem Profile Blood Tests IH | cont of care from er visit 
151,10152,0,Camouflage:  Cremation Private 0-25 lbs | cont of care from er visit 
152,10153,0,Dakota:  SASHAS BLEND 250G POWDER | Maintain arthritis 
153,10154,0,Chilli:  UbaVet (Floradox) Probiotic 150g | UTI 
154,10155,0,Kira:  Apo Amoxi-Clav 500/125mg | UTI 
155,10156,0,Rosie:  Amoxicillin/Clav   875mg/125mg   (each) | URI - r/o bronchopneumonia 
156,10157,0,Rosie:  IV Fluids (500 - 1500 cc) | URI - r/o bronchopneumonia 
157,10158,0,Rosie:  IV Catheter & Insertion | URI - r/o bronchopneumonia 
158,10159,0,Rosie:  Convenia 2 wk Antibiotic Inj (per lb) | URI - r/o bronchopneumonia 
159,10160,0,Rosie:  Office Visit with Progress Exam  | URI - r/o bronchopneumonia 
160,10161,0,Rosie:  Radiograph/Thoracic Series | URI - r/o bronchopneumonia 
161,10162,0,Rosie:  Convenia 2 wk Antibiotic Inj BUNDLE | URI - r/o bronchopneumonia 
162,10163,0,Rosie:  Proviable DC  30ct | URI - r/o bronchopneumonia 
163,10164,0,Rosie:  PVS STAT CBC | URI - r/o bronchopneumonia 
164,10165,0,RILEY:  Synacore Canine 30 packs | gastroenteritits 
165,10166,0,DINAH:  Medical Progress Exam. | LAMENESS 
166,10167,0,DINAH:  BASELINE/PREOP/NSAID | LAMENESS 
167,10168,0,DINAH:  ADEQUAN 100MG/ML 1 ML : | LAMENESS 
168,10169,0,DINAH:  Venipuncture:blood Collect. | LAMENESS 
169,10170,0,DINAH:  INJ:ADEQUAN | LAMENESS 
170,10171,0,DINAH:  Medical Waste/Osha compliance | LAMENESS 
171,10172,0,DINAH:  LASER THERAPY ORTHOPEDIC PAIN-SINGLE | LAMENESS 
172,10173,0,"DINAH:  Discount - Courtesy,(amount) | LAMENESS "
173,10174,0,"DINAH:  Discount - Courtesy,(amount) | LAMENESS "
174,10175,0,Luna:  Exam - Routine | Kennel Cough 
175,10176,0,Luna:  Nadryl Tab 25mg (Diphenhydramine) | Kennel Cough 
176,10177,0,Piper:  Thyro Tab 0.8mg | hyperthyroidism and metacam  Ongoing blood work for hypothyroidism and monitoring for being on metacm
177,10178,0,Piper:  Metacam 1.5mg 180 mL #2 | hyperthyroidism and metacam  Ongoing blood work for hypothyroidism and monitoring for being on metacm
178,10179,0,"Piper:  T4, Total Thyroid, add on to 4 chemistry | hyperthyroidism and metacam  Ongoing blood work for hypothyroidism and monitoring for being on metacm"
179,10180,0,Piper:  Medical Progress Examination | hyperthyroidism and metacam  Ongoing blood work for hypothyroidism and monitoring for being on metacm
180,10181,0,FINLEY:  SOFT TISSUE SURGICAL FEE 10min | Lump removal  
181,10182,0,FINLEY:  Prophy | Lump removal  
182,10183,0,FINLEY:  INJECTION SA IM/SQ (ADDIT) | Lump removal  
183,10184,0,FINLEY:  ANESTHESIA (ISO PER 10 MIN) | Lump removal  
184,10185,0,FINLEY:  ANESTHESIA (LOCAL) SA | Lump removal  
185,10186,0,FINLEY:  Rheumocam Injectable 20 mL - meloxicam | Lump removal  
186,10187,0,FINLEY:  Meloxicam Oral Per mL | Lump removal  
187,10188,0,FINLEY:  Elizabethan Collar 30cm  | Lump removal  
188,10189,0,FINLEY:  Biopsy w/Microscopic Description (1) | Lump removal  
189,10190,0,Cooper:  Discount: BORDETELLA (INJECTABLE) 6 month | EYE 
190,10191,0,Cooper:  MEDICAL EXAMINATION | EYE 
191,10192,1,Cooper:  BORDETELLA (INJECTABLE) 6 months | EYE 
192,10193,0,Cooper:  Neo-Poly-Dex Ophth Suspension | EYE 
193,10194,0,Cooper:  FLUORESCEIN STAIN - UNILATERAL | EYE 
194,10195,0,Cooper:  Biohazard Waste Removal Fee | EYE 
195,10196,1,Cooper:  INFLUENZA BIVALENT VACCINE #1 | EYE 
196,10197,1,Cooper:  Discount: INFLUENZA BIVALENT VACCINE #1 | EYE 
197,10198,0,Rudy:  Fecal Antigen Profile (Flotation) IDEXX | Fecal Analysis & ProBiotics 
198,10199,0,Rudy:  Purina Fortiflora Feline 30x1g | Fecal Analysis & ProBiotics 
199,10200,0,Libbie:  Cytology - In House | Lump on hind leg 
200,10201,0,Libbie:  Exam  / Consultation | Lump on hind leg 
201,10202,0,Libbie:  Fine Needle Aspirate | Lump on hind leg 
202,10203,0,Scarlet:  Professional Consultation | Xylitol ingestion 
203,10204,0,Scarlet:  OSHA Compliance Fee | Xylitol ingestion 
204,10205,0,Scarlet:  Apomorphine 1mg/ml Solution Per ml | Xylitol ingestion 
205,10206,0,BeBe:  Apoquel 3.6 mg tablets | Mild Allergy 
206,10207,0,Simon:  Hills Feline c/d Multi Chicken 8.5# dry | Mild Allergy 
207,10208,0,Migo:  Office Exam | Diarrhea/Vomiting 
208,10209,0,Meeko:  Medical Progress Examination | Limping 
209,10210,0,Meeko:  Radiograph ( x-ray ) Digital Addt'l View | Limping 
210,10211,0,Meeko:  t/d  4 lb dry | Limping 
211,10212,0,Statement handling fee | Limping 
212,10213,0,Miss Britain:  1-30 Min.Cons & Wellness-Under 8 Yr | Osteochondrosis 
213,10214,0,Miss Britain:  Anal Glands - Exam Add On | Osteochondrosis 
214,10215,1,Luna:  Advantage Multi Red Canine 9.1 - 25kg | Coughing  
215,10216,0,Luna:  Recheck Exam | Coughing  
216,10217,0,Luna:  Tobrex Ophtho 0.3% Suspension 5ml | Coughing  
217,10218,0,CRUZE:  CARPROFEN F/TAB SINGLE 100MG  | TORN CRACKED TOE NAIL 
218,10219,0,CRUZE:  NAIL TRIM REGULAR | TORN CRACKED TOE NAIL 
219,10220,0,Penny:  RC K-9 Dental 3.5kg | sore L hind  
220,10221,0,Penny:  Gabapentin 100mg/ml Oral | sore L hind  
221,10222,0,Penny:  Examination/Consultation | sore L hind  
222,10223,0,Blue:  Private Cremation 3 | cough lethergy and decreased appetite 
223,10224,0,Blue:  Exam/Consultation  Recheck (within 30 days) | cough lethergy and decreased appetite 
224,10225,0,Jazz:  CET Enzymatic Toothpaste Poultry 70g CET101 | Physical exam for traveling  
225,10226,0,Jazz:  CET Bulk Dispenser Pet Toothbrush Each CET3 | Physical exam for traveling  
226,10227,0,Jazz:  CET Tartar Control Toothpaste Seafood 70g C | Physical exam for traveling  
227,10228,0,Jazz:  Exam/Consultation    Well Patient | Physical exam for traveling  
228,10229,0,Oliver:  Comprehensive Illness Exam | conjuntavitis and kennel cough 
229,10230,0,Oliver:  Fluorescein Stain | conjuntavitis and kennel cough 
230,10231,0,Oliver:  Neopolybac Ophthalmic Ointment 3.5g | conjuntavitis and kennel cough 
231,10232,0,Oliver:  Doxycyline 100mg | conjuntavitis and kennel cough 
232,10233,0,Annie:  Cyproheptadine 4mg Tabs | weight loss  
233,10234,0,Annie:  Specialist Recheck | weight loss  
234,10235,0,Annie:  Basic Panel - IN HOUSE | weight loss  
235,10236,0,Annie:  Blood Draw | weight loss  
236,10237,0,Annie:  Discount: Blood Draw | weight loss  
237,10238,0,Annie:  Discount: Basic Panel - IN HOUSE | weight loss  
238,10239,0,Annie:  Chlorambucil 1.2mg Capsules | weight loss  
239,10240,0,Annie:  Prednisolone 5mg | weight loss  
240,10241,0,Beaux :  Medical Waste Disposal Fee - Outpatient  | Vomiting  Intestinal parasite screen and Lab work
241,10242,1,Beaux :  Bordetella Vaccination Oral  1 Year | Vomiting  Intestinal parasite screen and Lab work
242,10243,0,Beaux :  Lifetime Care Exam - Canine Health  | Vomiting  Intestinal parasite screen and Lab work
243,10244,0,Beaux :  Lifelab - Ova and Parasit (Prevent Well) | Vomiting  Intestinal parasite screen and Lab work
244,10245,0,Beaux :  ANTECH - Superchem / CBC / T4 / HW | Vomiting  Intestinal parasite screen and Lab work
245,10246,0,Libbie:  Cytology - In House | Lump on hind leg 
246,10247,0,Libbie:  Exam  / Consultation | Lump on hind leg 
247,10248,0,Libbie:  Fine Needle Aspirate | Lump on hind leg 
248,10249,0,Penny:  Gabapentin 100mg/ml Oral | sore L hind 
249,10250,0,Penny:  Examination/Consultation | sore L hind 
250,10251,0,Penny:  RC K-9 Dental 3.5kg | sore L hind 
251,10252,0,Axel:  Examination-Consultation | Bladder Stones  
252,10253,0,Axel:  Hills K9 HYPOallergenicTreats 340g | Bladder Stones  
253,10254,0,Axel:  RC K9 Urinary SO Mod Calorie 8kg RX | Bladder Stones  
254,10255,0,Ginger:  Oncology Chemotherapy Recheck | Chemotherapy Recheck 
255,10256,0,Bella:  Apoquel Tablet 5.4mg | alleviate itching and inflammation 
256,10257,0,Bruno:  Tramadol tablets 50mg | refill meds 
257,10258,0,Bruno:  Anal Gland Assessment | refill meds 
258,10259,0,Bruno:  Dispensing fee | refill meds 
259,10260,0,Oliver:  VS CBC T4 UA SA037 | Chemotherapy Recheck 
260,10261,0,Oliver:  Oncology Chemotherapy Recheck | Chemotherapy Recheck 
261,10262,0,Dude:  Dental-Exam/Probe/ Chart  | Lumpectomy and Dental  
262,10263,0,Dude:  Anal Gland Expressed (add on) | Lumpectomy and Dental  
263,10264,0,Stella:  Mirtazapine 15 mg #9712 | hairloss 
264,10265,0,Stella:  Thyroid Confirmation Panel Add On | hairloss 
265,10266,0,Stella:  HealthChek | hairloss 
266,10267,0,Bogart:  K9 Hills Metabolic+Mobility 24lb | hairloss 
267,10268,1,Graycie:  CANINE DA2P/4L Vaccine | uti 
268,10269,0,Graycie:  Simplicef (cefpodoxime proxetil) 100 mg | uti 
269,10270,0,Graycie:  URINALYSIS COMPLETE | uti 
270,10271,0,Graycie:  DEWORMING/HOOKS AND ROUNDS | uti 
271,10272,0,Graycie:  BIO HAZARD WASTE FEE | uti 
272,10273,0,"Moka:  Dolpac Dewormer Blue #10 | Lethargy, anorexia, soft stool "
273,10274,0,"Moka:  Examination-Wellness (adult) annual | Lethargy, anorexia, soft stool "
274,10275,0,Nox Padfoot:  Annual Wellness Exam | Anxiety 
275,10276,1,Nox Padfoot:  Canine Bordetella Oral Annual | Anxiety 
276,10277,0,Nox Padfoot:  Acepromazine 25 mg | Anxiety 
277,10278,1,Nox Padfoot:  Canine Leptospirosis - Annual | Anxiety 
278,10279,0,Nox Padfoot:  Alprazolam 1.0mg (tablet) | Anxiety 
279,10280,0,Chewbacca:  Apoquel 16mg tablet | ear infection 
280,10281,0,Chewbacca:  Medical waste Fee | ear infection 
281,10282,0,Chewbacca:  Mometamax 15g | ear infection 
282,10283,0,Chewbacca:  Examination / Consultation | ear infection 
283,10284,0,Bailey:  Nail Trim Canine | allergies 
284,10285,0,Bailey:  CADI (Cytopoint) 40.1-60lb OPINJ | allergies 
285,10286,0,Tiger:  Hills K9 Hypo Treats | Cartrophen 
286,10287,0,Tiger:  VeggieDent Fresh Medium Chews 30 | Cartrophen 
287,10288,0,Duckie:  Apoquel tabs 5.4mg  | Apoquel & Zentonil Refill 
288,10289,0,Duckie:  Zentonil Advanced 200mg (30 tabs) | Apoquel & Zentonil Refill 
289,10290,0,Cara:  Milbemax 16mg (Adult) | Resolving URI 
290,10291,0,Cara:  Kitten Wellness Exam | Resolving URI 
291,10292,0,Cara:  Fecal Flotation | Resolving URI 
292,10293,0,"Mandoo:  Conzol (Miconazole Nitrate) 1%, 60 ml | hip issues, mass on nose "
293,10294,0,"Mandoo:  Rimadyl 100 mg Chew Tab | hip issues, mass on nose "
294,10295,0,"Mandoo:  Fluconazole 100 mg. Tablet | hip issues, mass on nose "
295,10296,0,"Mandoo:  Malaseb Shampoo, 16 oz | hip issues, mass on nose "
296,10297,0,Macy:  PPVD DRM Dermatologic Mgmt Nat K9 25lb 1761 | Skin 
297,10298,0,Macy:  Douxo Calm Shampoo 6.8oz/200mL | Skin 
298,10299,0,Macy:  Exam/Consultation Brief Ear/Skin Recheck | Skin 
299,10300,0,Macy:  PreOp CBC T4 UA SA920 | Skin 
300,10301,0,Macy:  Douxo Calm Micro Emulsion Spray 6.8oz/200mL | Skin 
301,10302,0,Macy:  Apoquel (Oclacitinib) 16mg Tab DISPCHR | Skin 
302,10303,0,Lily:  FortiFlora Canine Probiotic Supplement 30pk | Pancreatitis 
303,10304,0,Lily:  RCVD GI Low Fat K9 13.6z/385g x 12 Cs 47071 | Pancreatitis 
304,10305,0,Robbie:  Exam/Consultation    Well Patient | High ALT levels on previous BW 
305,10306,0,Robbie:  NSAID #1 SA810 | High ALT levels on previous BW 
306,10307,0,"LOTTIE:  DHLPP 3yr  | Hip Dysplasia, Patellar Luxation, allergic reaction, dermatitis "
307,10308,0,"LOTTIE:  Diphenhydramine Inj (per mL) | Hip Dysplasia, Patellar Luxation, allergic reaction, dermatitis "
308,10309,0,"LOTTIE:  Apoquel 3.6mg Tablets | Hip Dysplasia, Patellar Luxation, allergic reaction, dermatitis "
309,10310,0,"LOTTIE:  Injection Fee; Patient Provided Med | Hip Dysplasia, Patellar Luxation, allergic reaction, dermatitis "
310,10311,0,Kali:  Famotidine 10mg tab | Vomiting  
311,10312,0,YULIES:  Benazepril 10 mg #80821 | HEART 
312,10313,0,YULIES:  Theophylline Slow Release 100 mg #80822 | HEART 
313,10314,0,Jaz:  Vitamin B12 (gen) 1000mcg/mL/mL DISPMED | injection for Cartrophen and B12 
314,10315,0,Lulu:  Discount: Radiograph Additional View | Lameness 
315,10316,0,Lulu:  Radiograph Additional View | Lameness 
316,10317,0,Lulu:  PVD Canine JM 8.16kg | Lameness 
317,10318,0,Lulu:  Radiologist to Review Radiograph | Lameness 
318,10319,0,Lulu:  Discount: Sedation w/Cepetor & Reversal <20 | Lameness 
319,10320,0,Lulu:  Metacam Oral Susp 32ml  | Lameness 
320,10321,0,Lulu:  Stat add-on within 1 hour  | Lameness 
321,10322,0,Lulu:  Discount: Stat add-on within 1 hour  | Lameness 
322,10323,0,Lulu:  Radiograph Set Up/Up to 3  View Study | Lameness 
323,10324,0,Lulu:  Hospitalization - Kennel Fee | Lameness 
324,10325,0,Lulu:  Discount: Radiograph Set Up/Up to 3  View S | Lameness 
325,10326,0,Lulu:  Discount: Hospitalization - Kennel Fee | Lameness 
326,10327,0,Lulu:  Sedation w/Cepetor & Reversal <20Kg | Lameness 
327,10328,0,Lulu:  Discount: Radiologist to Review Radiograph | Lameness 
328,10329,0,Bruno:  Discount: Examination Office Visit | Broken Dewclaw 
329,10330,0,Bruno:  Chlorahex Solution 4oz | Broken Dewclaw 
330,10331,0,Bruno:  Amoxicillin Cap 500 mg | Broken Dewclaw 
331,10332,0,Bruno:  Examination Office Visit | Broken Dewclaw 
332,10333,0,Duke:  Examination - Quick Recheck |  Pneumonia/Chronic Valve Disease 
333,10334,0,Duke:  IDEXX Lab 4DxÂ® Plus Screen-Canine (S |  Pneumonia/Chronic Valve Disease 
334,10335,0,Brodie:  Xiao Chai Hu Jia Quin Jiao..hip and knee | Left capital physeal fracture-sore today; vomiting and diarrhea 
335,10336,0,Bailey:  Thyro Tabs - 0.8mg | Allergies/ Thyroid  
336,10337,0,Bailey:  Thyro Tabs - 0.1mg | Allergies/ Thyroid  
337,10338,0,Lincoln:  Chiropractic Unit with exam | Small meibomian gland cyst R upper eyelid w/ PAS blood work 
338,10339,0,Lincoln:  Dolpac Dewormer Red #2 | Small meibomian gland cyst R upper eyelid w/ PAS blood work 
339,10340,0,Lincoln:  General Panel Plus & UA - canine | Small meibomian gland cyst R upper eyelid w/ PAS blood work 
340,10341,0,Lincoln:  Examination-Wellness (adult) annual | Small meibomian gland cyst R upper eyelid w/ PAS blood work 
341,10342,0,Husky :  Hill's T/D Canine Regular Bites 11.3kg | Allergies 
342,10343,0,Husky :  Apoquel 16mg - per tablet | Allergies 
343,10344,0,Bella:  Re-Check (Minor) | Otitis Externa 
344,10345,0,Bella:  Osurnia Ear Dps 1ml | Otitis Externa 
345,10346,0,Lincoln:  Examination-Wellness (adult) annual | Sore midback  
346,10347,0,Lincoln:  General Panel Plus & UA - canine | Sore midback  
347,10348,0,Lincoln:  Dolpac Dewormer Red #2 | Sore midback  
348,10349,0,Lincoln:  Chiropractic Unit with exam | Sore midback  
349,10350,0,Emma:  Medical Progress Exam K9 | tail amputation  
350,10351,0,Emma:  *Cimetidine Tabs 200mg | tail amputation  
351,10352,0,Milo:  Rayne Canine Low Fat Kangaroo Maintenance 7 | Pruritus; food is novel protein trial  
352,10353,0,Milo:  Exam/Consultation  Recheck (within 30 days) | Pruritus; food is novel protein trial  
353,10354,0,Milo:  CADI (Cytopoint) 20mg/mL/VIAL OPINJ | Pruritus; food is novel protein trial  
354,10355,0,Chester:  Exam/Consultation    Well Patient | teary eye and labored breathing 
355,10356,0,Chester:  RAD Thorax 1-2 Views | teary eye and labored breathing 
356,10357,0,Chester:  Fluorescein Stain FDT | teary eye and labored breathing 
357,10358,0,Chester:  Ofloxacin (gen) 0.3% OphS 5mL DISPMED | teary eye and labored breathing 
358,10359,1,Chester:  FVRCP Vaccine 1yr | teary eye and labored breathing 
359,10360,0,Chester:  AIS Radiology Interpretation | teary eye and labored breathing 
360,10361,0,Chester:  Exam/Consultation CareClub | teary eye and labored breathing 
361,10362,1,Buddy:  Heartgard Plus Chew. Blue Tab | coprophagia 
362,10363,1,Buddy:  NexGard Chew Tab Medium 10.1-24# | coprophagia 
363,10364,0,Buddy:  Forbid  | coprophagia 
364,10365,0,"Muni:  Onsior Canine 40mg- 28 tab | Sore Left Eye  All treatments for eye, except for Onsior for ear"
365,10366,0,"Muni:  Osurnia Otic Gel | Sore Left Eye  All treatments for eye, except for Onsior for ear"
366,10367,0,"Muni:  Sedation- Dexdomitor/Anitsedan Catheter | Sore Left Eye  All treatments for eye, except for Onsior for ear"
367,10368,0,"Muni:  Hospitalization Canine >20kg <4hr | Sore Left Eye  All treatments for eye, except for Onsior for ear"
368,10369,0,"Muni:  Keratotomy, Grid/15min | Sore Left Eye  All treatments for eye, except for Onsior for ear"
369,10370,0,"Muni:  Vigamox Opth. Drops 0.5% | Sore Left Eye  All treatments for eye, except for Onsior for ear"
370,10371,0,"Nox:  Office Exam, Final Puppy Visit | Wellness "
371,10372,1,Nox:  Rabies - Canine - 1 Year | Wellness 
372,10373,1,"Nox:  Leptospirosis Vaccine, Annual Booster | Wellness "
373,10374,0,"Nox:  OSHA Compliance Fee (Inj, lab work, etc) | Wellness "
374,10375,1,Nox:  DHPP Final Puppy Vaccine | Wellness 
375,10376,1,Nox:  Revolution Canine 40.1-85 lb dose #10224 | Wellness 
376,10377,0,Zoie:  Enrofloxacin 22.7mg | UTI 
377,10378,0,Wendell:  Fenbendazole (Panacur) 22.2%/g DISPMED | giardia 
378,10379,0,Wendell:  PREPAID Fecal Test O&P T805 | giardia 
379,10380,0,Max:  Emergency Department Examination | Bloody Stool 
380,10381,0,Max:  PPVD Fortiflora Canine | Bloody Stool 
381,10382,0,Stella:  Recheck/Exam | Investigation of alopecia likely due to steroid use for colitis 
382,10383,0,Stella:  Rayne K9 Sensitive GI Turkey Tin | Investigation of alopecia likely due to steroid use for colitis 
383,10384,0,Murphy:  Cytology Skin IHLAB | Hot spot 
384,10385,0,Murphy:  PD d/d K9 Potato & Venison 8lb 5348 | Hot spot 
385,10386,0,Murphy:  Cefpodoxime (Simplicef) 200mg Tab DISPMED | Hot spot 
386,10387,0,Murphy:  Adaptil DAP Collar Md/Lg | Hot spot 
387,10388,0,Murphy:  Prednisone (gen) 5mg Tab DISPMED | Hot spot 
388,10389,0,Murphy:  Exam/Consultation   Medical Condition | Hot spot 
389,10390,0,Louis:  Tobradex Ointment 3.5g | Upper respiratory infection  
390,10391,0,Louis:  Recheck - Progress Exam (major) | Upper respiratory infection  
391,10392,0,GRACIE:  Lab Fecal DX - Ova/Parasite and Giardia | recheck of liver values 
392,10393,0,GRACIE:  DACVR Consult Priority  | recheck of liver values 
393,10394,0,GRACIE:  Office Visit - Medical Progress | recheck of liver values 
394,10395,0,GRACIE:  X-Ray Digital  3  View  | recheck of liver values 
395,10396,0,Brisk:  Otomax Ointment - 30g Tube | Z/D food for possilbe food allergy  
396,10397,0,Brisk:  Examination | Z/D food for possilbe food allergy  
397,10398,0,Brisk:  Hills K9 - Z/D Ultra - 17.6lbs | Z/D food for possilbe food allergy  
398,10399,0,Brisk:  Ear Swab & Cytology | Z/D food for possilbe food allergy  
399,10400,0,Mosley:  Sasha's Blend Flexi-Bites - 200g | Z/D food for possilbe food allergy  
400,10401,0,Bruno:  Tramadol tablets 50mg | refill meds 
401,10402,0,Bruno:  Dispensing fee | refill meds 
402,10403,0,Ryeli:  Hills Canine i/d Turkey Can | Dewclaw and deciduous teeth removal 
403,10404,0,Gunther:  Galliprant 60mg #157063 | Refill Galliprant 
404,10405,0,Gunther:  Galliprant 60mg #157064 | Refill Galliprant 
405,10406,0,Brisk:  Otomax Ointment - 30g Tube | Joint Supplement 
406,10407,0,Brisk:  Ear Swab & Cytology | Joint Supplement 
407,10408,0,Brisk:  Examination | Joint Supplement 
408,10409,0,Mosley:  Sasha's Blend Flexi-Bites - 200g | Joint Supplement 
409,10410,0,Brisk:  Hills K9 - Z/D Ultra - 17.6lbs | Joint Supplement 
410,10411,0,Adelle:  Blood Pressure Vet HDO | Cancer  
411,10412,0,Adelle:  Injection Owner Brings Medication | Cancer  
412,10413,0,Adelle:  PCV (Packed Cell Volume) and TP | Cancer  
413,10414,0,Adelle:  Metabolic Workup In House | Cancer  
414,10415,0,Adelle:  Cerenia Per ml | Cancer  
415,10416,0,Adelle:  Chemotherapy Administration Oral | Cancer  
416,10417,0,Adelle:  CBC Blood Film Evaluation | Cancer  
417,10418,0,Adelle:  Fluids Subcutaneous <250 ml | Cancer  
418,10419,0,Adelle:  Biomedical Hazard Fee | Cancer  
419,10420,0,Slippers:  Nail Care Canine Professional | Duralactin 
420,10421,0,Slippers:  Duralactin Soft Chew K9 90ct | Duralactin 
421,10422,0,Ruby:  Panacur - Small Animal (10 day) | Giardia 
422,10423,0,Ruby:   Ova & Parasites w/Giardia (ELISA) | Giardia 
423,10424,0,Ruby:  Metronidazole 250mg (Flagyl) | Giardia 
424,10425,0,Heisenberg:  Exam/Consultation    Well Patient | Limping. (gabapentin) 
425,10426,0,Heisenberg:  Gabapentin (gen) 50mg/mL/mL CMP DISPM | Limping. (gabapentin) 
426,10427,1,Heisenberg:  FVRCP Vaccine 1yr | Limping. (gabapentin) 
427,10428,0,Hallie:  Ascenta Omega 3 500ml Dog #60331 | Joint supplements 
428,10429,0,Hallie:  Dasuquin w/MSM Large Dog Chews x84tabs # | Joint supplements 
429,10430,0,Hallie:  Sashas Blend Powder  250gr #55733 | Joint supplements 
430,10431,0,"Lincoln:  MRI | shallow breathing, neurologically inappropriate, stiffness/rigid "
431,10432,0,"Lincoln:  Anesth Gas/Monitoring 15 min | shallow breathing, neurologically inappropriate, stiffness/rigid "
432,10433,0,"Lincoln:  CSF Analysis with Cytology - Antech | shallow breathing, neurologically inappropriate, stiffness/rigid "
433,10434,0,"Lincoln:  Fluids - Surgical | shallow breathing, neurologically inappropriate, stiffness/rigid "
434,10435,0,"Lincoln:  Cytarabine 1g (10mL) Vial per mL | shallow breathing, neurologically inappropriate, stiffness/rigid "
435,10436,0,"Lincoln:  Cytosar Administration | shallow breathing, neurologically inappropriate, stiffness/rigid "
436,10437,0,"Lincoln:  Chem 10 Clip w/ CBC - Procyte | shallow breathing, neurologically inappropriate, stiffness/rigid "
437,10438,0,"Lincoln:  Anesthetic Induction - IV Cath | shallow breathing, neurologically inappropriate, stiffness/rigid "
438,10439,0,"Lincoln:  Chemotherapy Safety System PhaSeal | shallow breathing, neurologically inappropriate, stiffness/rigid "
439,10440,0,"Lincoln:  MRI - Reading Fee  | shallow breathing, neurologically inappropriate, stiffness/rigid "
440,10441,0,Olive:  Induce Emesis (vomiting) | Ingested Butter/ Foriegn Body  
441,10442,0,Olive:  Medical Waste Disposal | Ingested Butter/ Foriegn Body  
442,10443,0,Olive:  Zofran (Ondansetron) Injection 2mg/ml | Ingested Butter/ Foriegn Body  
443,10444,0,Olive:  Professional Consult - Inpatient | Ingested Butter/ Foriegn Body  
444,10445,0,Olive:  Cerenia Injectable 10mg/ml (Maropitant) | Ingested Butter/ Foriegn Body  
445,10446,0,Olive:  Fluid Therapy SQ | Ingested Butter/ Foriegn Body  
446,10447,0,Loui:  Office Visit - Sick/Injured | vomiting & Diarrhea 
447,10448,1,Loui:  Heartgard Plus Green 26-50lb | vomiting & Diarrhea 
448,10449,0,Charlie:  Injection - IM/SQ Additional | Monthly in-clinic Cathrophen injections. 
449,10450,0,Wendy:  Metacam - 10 ml | Interdigital dermatitis/Broken nail 
450,10451,0,Wendy:  Examination/Consultation  | Interdigital dermatitis/Broken nail 
451,10452,0,Wendy:  Elizabethan Collar 25cm | Interdigital dermatitis/Broken nail 
452,10453,0,Phoenix:  Exam/Consultation  Recheck (within 30 da | Conjunctivitis 
453,10454,0,Phoenix:  Meloxicam (gen) K9 1.5mg/mL/10mL DISPMED | Conjunctivitis 
454,10455,0,Phoenix:  Fluorescein Stain FDT | Conjunctivitis 
455,10456,0,Phoenix:  Tobramycin (gen) 0.3% OphS 5mL DISPMED | Conjunctivitis 
456,10457,0,Ginger:  Office Call | Rash/itching 
457,10458,1,Ginger:  Heartgard 51-100lbs #2361 | Rash/itching 
458,10459,0,"Ava:  Examination-Consultation | Jaw Chattering, Intermittent RFL Lameness "
459,10460,0,Penelope:  Ursodiol 12.5mg/Carnitine&Taurine 125mg | pancreatitis maintenance 
460,10461,0,Penelope:  Zentonil Advanced 100 mg tablets | pancreatitis maintenance 
461,10462,0,Arnold:  Cytopoint 20mg MULTIPLE VIALS | cytopoint inj for skin  
462,10463,0,Arnold:  Cytopoint 40mg MULTIPLE VIALS | cytopoint inj for skin  
463,10464,0,"Riley:  Allergy TX Sublingal | vomiting,diarrhea,decreased appetite and now ear infection "
464,10465,0,"Riley:  Allergy TX Sublingal | vomiting,diarrhea,decreased appetite and now ear infection "
465,10466,0,Ella:  D/D K9 Pot & Venision 17.6# (5342) | otitis externa/allergies 
466,10467,0,Ella:  Ear Cleaning Single Ear | otitis externa  
467,10468,0,Ella:  Exam/Consultation Canine/Feline | otitis externa  
468,10469,0,Ella:  Ear Cytology - in house | otitis externa  
469,10470,0,Ella:  Mometamax (15gm Bottle) | otitis externa  
470,10471,0,Poppy:  Sensitivity VR Feline VCN - Cans | Decreased appetite 
471,10472,0,Riddle:  ACTH Response Test - One Pre/One Post | Decreased appetite 
472,10473,0,Poppy:  Litter Odourlock Unscented - 12kg | Decreased appetite 
473,10474,0,Riddle:  Random Cortisol | Decreased appetite 
474,10475,0,Riddle:  Cortrosyn Injection - 1ml | Decreased appetite 
475,10476,0,Poppy:  d/d Venison Feline Hills - 1.5kg | Decreased appetite 
476,10477,0,Zena:  Blood Pressure Assessment | blood pressure 
477,10478,0,Opie:  AmoxiClav (Clavaseptin) 500mg Tab DISPMED | Leaking anal glands 
478,10479,0,Opie:  Sedation Level 1 | Leaking anal glands 
479,10480,0,Mufasa:  Vitamin B-12 Injection | vomiting 
480,10481,0,Mufasa:  Subcutaneous Fluids | vomiting 
481,10482,0,Mufasa:  Hill's Feline - i/d - 5.5 oz can | vomiting 
482,10483,0,Mufasa:  Pepcid (famotidine) 10mg/mL Injection | vomiting 
483,10484,0,Mufasa:  Cerenia 10 mg/mL Injection | vomiting 
484,10485,0,Mufasa:  Hill's Feline/K9 - a/d - 5.5 oz. can | vomiting 
485,10486,1,CHARLIE:  RABIES CANINE 3 YEAR BOOSTER | SEIZURE 
486,10487,0,CHARLIE:  SENIOR SCREEN | SEIZURE 
487,10488,0,CHARLIE:  EXAMINATION SENIOR PET | SEIZURE 
488,10489,0,CHARLIE:  CYSTOCENTESIS | SEIZURE 
489,10490,0,Sora:  Dexamethasone Injection 5mg/ml | distended anal glands/ vulva edema  
490,10491,0,Sora:  Convenia Injection | distended anal glands/ vulva edema  
491,10492,0,Sora:  Physical Examination/Office Visit | distended anal glands/ vulva edema  
492,10493,0,Sora:  Fecal Smear/Cytology | distended anal glands/ vulva edema  
493,10494,0,Sophie:  Physical Examination/Office Visit | distended anal glands/ vulva edema  
494,10495,0,Sora:  Baytril Injection 50mg/ml | distended anal glands/ vulva edema  
495,10496,0,Sora:  Anal Glands Expressed | distended anal glands/ vulva edema  
496,10497,0,Peanut:  Subcutaneous Fluids | Constipation? Pancreatitis? Ileus? Hepatic/renal insufficiency? 
497,10498,0,Peanut:  Tramadol 10mg HCL Tablet each | Constipation? Pancreatitis? Ileus? Hepatic/renal insufficiency? 
498,10499,0,Peanut:  Ranitidine 10mg/ml - 1ml | Constipation? Pancreatitis? Ileus? Hepatic/renal insufficiency? 
499,10500,0,Peanut:  Radiograph 1st. | Constipation? Pancreatitis? Ileus? Hepatic/renal insufficiency? 
500,10501,0,Peanut:  Consultation - Canine | Constipation? Pancreatitis? Ileus? Hepatic/renal insufficiency? 
501,10502,0,"Doc:  Examination Recheck | not eating, vomiting "
502,10503,0,Arnold:  Progut Plus Oral Powder 180g | RX REFILL 
503,10504,0,Arnold:  FORBID 8g | RX REFILL 
504,10505,0,Sales Tax | Vomiting 
505,10506,0,Goliath:  Exam/Consultation   Medical Condition | Vomiting 
506,10507,0,Goliath:  TBF UA O&PCmb SA770 | Vomiting 
507,10508,0,Goliath:  PD i/d Fel 5.5oz Cs 4628 | Vomiting 
508,10509,0,Osito:  Urinalysis (complete) | r/o UTI 
509,10510,0,Sugar:  RX Vitamins Renal Canine Caps 120 | Heart Supplements 
510,10511,0,Oakley:  TBF UA SA705 | Bloodwork for dental 
511,10512,0,Oakley:  RCVD Hypo HP Sm Breed K9 8.8lb/4kg 476888 | Bloodwork for dental 
512,10513,0,Davey:  US Guided Cystocentesis | Wellness 
513,10514,0,Davey:  TBF UA O&PCmb SA770 | Wellness 
514,10515,0,Piper:  Radiographs - First Two Views | sudden sickness - vomiting multiple times 
515,10516,0,Piper:  Blood collection fee | sudden sickness - vomiting multiple times 
516,10517,0,Piper:  Famotidine-Teva(20mg) tab | sudden sickness - vomiting multiple times 
517,10518,0,Piper:  Cerenia Inj/ ml | sudden sickness - vomiting multiple times 
518,10519,0,Piper:  Chemistry/CBC | sudden sickness - vomiting multiple times 
519,10520,0,Piper:  Sulcrate-Novo 1 gram/tab | sudden sickness - vomiting multiple times 
520,10521,0,Piper:  Pancreatic Lipase - Snap CANINE | sudden sickness - vomiting multiple times 
521,10522,0,Piper:  Examination - Consultation - Standard | sudden sickness - vomiting multiple times 
522,10523,0,Bruiser:  Meloxicam Oral Susp. 32ml (APO) | Medication for HOD (Hypertrophic Osteodystrophy) 
523,10524,0,Bruiser:  Dispensing Fee (Attachment Only) | Medication for HOD (Hypertrophic Osteodystrophy) 
524,10525,0,Charlie:  +Canine Wellness w/O&P (W) | Eye 
525,10526,1,Charlie:  Canine Influenza Virus Bivalent - Annual | Eye 
526,10527,0,Charlie:  Exam - Comprehensive Preventive Care | Eye 
527,10528,1,Charlie:  Leptospirosis Vaccine- Annual (1yr) | Eye 
528,10529,0,Charlie:  Neo-Poly-Dex Opth Soln 5ml | Eye 
529,10530,1,Charlie:  Sentinel White (51-100) 12pk | Eye 
530,10531,0,Charlie:  Eye Fluorescein Stain | Eye 
531,10532,1,Charlie:  Bordetella Intranasal | Eye 
532,10533,0,Bubba:  Examination Office Visit | polyuria/inappropriate urination; bilateral mpl  
533,10534,0,Bubba:  Cosequin Sprinkle Caps 132 ct | polyuria/inappropriate urination; bilateral mpl  
534,10535,0,Bubba:  Discount: Examination Office Visit | polyuria/inappropriate urination; bilateral mpl  
535,10536,0,Peanut:  Proviable Tablets 80 ct | bloodwork for removal of broken tooth 7/21/18 
536,10537,0,Peanut:  HILLS I/D CANINE CHICKEN STEW 12.5 OZ | bloodwork for removal of broken tooth 7/21/18 
537,10538,0,Tilly:  EXAMINATION - Medical/Surgical | Diahrrea and Gastro-enteritis 
538,10539,0,Tilly:  Inj 1 Unit Cerenia 10mg/ml | Diahrrea and Gastro-enteritis 
539,10540,0,Tilly:  Apo Metronidazole 250mg | Diahrrea and Gastro-enteritis 
540,10541,0,"Tilly:  Injection, Famotidine | Diahrrea and Gastro-enteritis "
541,10542,1,Buddy Oliver:  Fecal with giardia elisa | diarrhea 
542,10543,0,Luna:  LASER- THERAPY POST SURGICAL  | Spay procedure 
543,10544,0,Luna:  EXAMINATION | Spay procedure 
544,10545,0,Daisy:  Veterinary Consultation | GI upset 
545,10546,0,Tilly:  Sulcrate Suspension Plus 1g/5 mL | Diahrrea and Gastro-enteritis 
546,10547,0,"Tilly:  Injection, Famotidine | Diahrrea and Gastro-enteritis "
547,10548,0,Tilly:  Med Can Hypo HP 3.5kg | Diahrrea and Gastro-enteritis 
548,10549,0,Pepper:  Apoquel 3.6mg | Allergic Dermatitis/Anxiety 
549,10550,1,Pepper:  Heartgard Plus Chews 26-50 lbs 6-Pack | Allergic Dermatitis/Anxiety 
550,10551,0,Pepper:  Fluoxetine (prozac) 10 mg cap | Allergic Dermatitis/Anxiety 
551,10552,1,Pepper:  Simparica 22.1-44 lb 6 pack | Allergic Dermatitis/Anxiety 
552,10553,0,Banjo:  Tacrolimus (Oil) 0.02% 10 ml | Med for Eye issue 
553,10554,0,Pippin:  Mirtazapine 15mg | medication 
554,10555,0,Lola:  Urinalysis Complete-In House | Leaking urine 
555,10556,0,Lola:  Office Visit And Examination | Leaking urine 
556,10557,0,Lola:  CLAVAMOX TABS 125mg | Leaking urine 
557,10558,0,Lola:  Culture And Sensitivity-In House | Leaking urine 
558,10559,0,Theo:  Cefpodoxime (Simplicef) 100mg Tab DISPMED | Eye Laceration 
559,10560,0,Theo:  Ophthalmology Consultation Recheck Brief | Eye Laceration 
560,10561,0,BELLA:  OFFICE VISIT - STANDARD | ALLERGIES  
561,10562,0,BELLA:  DEPO-MEDROL 20MG/ML-ADMINISTERED | ALLERGIES  
562,10563,0,BELLA:  DOUXO CHLORHEX PS MOUSSE | ALLERGIES  
563,10564,0,BELLA:  ALLERGY IgE PRELIMINARY SCREENING | ALLERGIES  
564,10565,0,Teala:  Syr Ins Caninsulin U40 1mL 28Gx0.5in 100ct | diabetes  
565,10566,0,Teala:  Insulin (Caninsulin) U40 10mL DISPCHR | diabetes  
566,10567,0,"Stella:  Office Examination | vague illness/restless open diagnosis.  Stella has been eating slowly, asking to go outside more frequently, having trouble settling to sleep at night. Examination unremarkable other than foul odour to hind end and full anal glands. May require additional work-up next week."
567,10568,0,"Stella:  Anal Glands with examination | vague illness/restless open diagnosis.  Stella has been eating slowly, asking to go outside more frequently, having trouble settling to sleep at night. Examination unremarkable other than foul odour to hind end and full anal glands. May require additional work-up next week."
568,10569,0,Lincoln:  Sucralfate (gen) 200mg/mL/mL DISPMED | Diarrhea 
569,10570,0,"Oreo:  Workup Metabolic Idexx | Entropion Entropion repair surgery: Pre-surgical blood-work for Entropion surgery. Disregard exam fee and prevention products, please call with any questions at 952-884-8248- Jackie "
570,10571,0,"Oreo:  Biomedical Hazard Fee | Entropion Entropion repair surgery: Pre-surgical blood-work for Entropion surgery. Disregard exam fee and prevention products, please call with any questions at 952-884-8248- Jackie "
571,10572,0,"Oreo:  Exam Wellness | Entropion Entropion repair surgery: Pre-surgical blood-work for Entropion surgery. Disregard exam fee and prevention products, please call with any questions at 952-884-8248- Jackie "
572,10573,0,"Oreo:  Heartgard Plus 0-25 lb Blue | Entropion Entropion repair surgery: Pre-surgical blood-work for Entropion surgery. Disregard exam fee and prevention products, please call with any questions at 952-884-8248- Jackie "
573,10574,0,"Oreo:  NexGard 10.1-24 lb Blue | Entropion Entropion repair surgery: Pre-surgical blood-work for Entropion surgery. Disregard exam fee and prevention products, please call with any questions at 952-884-8248- Jackie "
574,10575,0,Bella:  Antisedan 10ml inj. - Reversal Agent | Acute Lameness 
575,10576,0,Bella:  Butorphanol Torbugesic 10 mg/ml Inject | Acute Lameness 
576,10577,0,Bella:  Mini Chem with CBC IN HOUSE | Acute Lameness 
577,10578,0,Bella:  Carprofen 75mg Tablets #27285 | Acute Lameness 
578,10579,0,Bella:  Radiograph Series Extremity 2 view | Acute Lameness 
579,10580,0,Bella:  Medical Examination | Acute Lameness 
580,10581,0,Bella:  Radiograph - Additional View/Follow up | Acute Lameness 
581,10582,0,Bella:  Gabapentin 100mg Capsules #27286 | Acute Lameness 
582,10583,0,Bella:  DexDomitor 10ml Inj. | Acute Lameness 
583,10584,0,Bella:  Hospitalization Level 2 | Acute Lameness 
584,10585,0,Bella:  Pet Care Rewards Membership Renewal | Acute Lameness 
585,10586,0,Bella:  Pet Care Rewards Complementary Exam | Acute Lameness 
586,10587,0,Claudia Louisa:  Flexadin Plus Small Cat and  Dog  | GI issue  
587,10588,0,Claudia Louisa:  Enacard Tablets 2.5mg x 28 | GI issue  
588,10589,0,Claudia Louisa:  Pill Pockets K9 Tablets(30) Chick | GI issue  
589,10590,0,Claudia Louisa:  Canine PVD Gentle Snackers 8oz/22 | GI issue  
590,10591,0,Astro:  EXAM - REGULAR | TPLO  
591,10592,0,Astro:  GENTASPRAY | TPLO  
592,10593,0,Cocoa:  Recheck Exam: Bladder stone | Pollakuria  
593,10594,0,"Cocoa:  Radiology:Setup, 1 View, Interpretation | Pollakuria  "
594,10595,0,Cocoa:  t/d Canine Hills - 2.27kg | Pollakuria  
595,10596,0,Cinnamon:  Therapeutic Laser  Treatment (per site) | Post TPLO for ACL repair 
596,10597,0,Chance:  PD i/d K9 8.5lb 8618 | skin irritation 
597,10598,0,Chance:  Exam/Consultation Brief Ear/Skin Recheck | skin irritation 
598,10599,0,Zeuss:  Cartrophen Vet 100mg/ml | ongoing meds for arthritis 
599,10600,0,Loki:  Atopic Derm Immunotherap 10mg Vial CADI | refill medication and itching 
600,10601,0,Loki:  Examination  Consultation | refill medication and itching 
601,10602,0,Loki:  BioHazard Fee | refill medication and itching 
602,10603,0,Loki:  Denamarin Tabs 425mg - Large Dog 30ct | refill medication and itching 
603,10604,0,Loki:  Galliprant 60mg Tablets | refill medication and itching 
604,10605,0,Loki:  Superchem & CBC  - idexx lab | refill medication and itching 
605,10606,0,Loki:  Atopic Derm Immunotherap 40mg Vial CADI | refill medication and itching 
606,10607,0,Sam:  Medical Waste Disposal - NJ Regulated | Ear infection 
607,10608,0,Sam:  Exam - Annual Physical Exam | Ear infection 
608,10609,0,Vienna:  Metacam Inj. 0.5% | Torn Nail  
609,10610,0,Vienna:  Simplicef 200 mg Tablets | Torn Nail  
610,10611,0,Vienna:  Torn Nail Therapy | Torn Nail  
611,10612,0,Ivy:  Percorten (per mL) Rx | Medication refill for Addisons 
612,10613,0,Daisy:  Meropenem 500mg Vial | cont of care -uti  
613,10614,0,Daisy:  Medical Waste Disposal-State Mandated | cont of care -uti  
614,10615,0,Cosmo:  GRM GRATUITY/ TIP | Gastroenteitis/IBD 
615,10616,0,Zoey:  RCVD Hypoallergenic K9 33lb/15kg 60275 | Medication Refill 
616,10617,0,Apple Mac Yorkson:  Clindamycin HCL Drops 20ml | Dental Extractions  
617,10618,0,Apple Mac Yorkson:  Metacam 1.5mg/ml  | Dental Extractions  
618,10619,0,Apple Mac Yorkson:  Canine Extraction Pkg. 1-15lbs | Dental Extractions  
619,10620,0,Apple Mac Yorkson:  Butorphanol Tartrate Injection | Dental Extractions  
620,10621,0,Apple Mac Yorkson:  IV Catheter-with Insertion | Dental Extractions  
621,10622,0,Apple Mac Yorkson:  Propoflo Injection | Dental Extractions  
622,10623,0,Apple Mac Yorkson:  Gas Anesthesia Sevoflurane | Dental Extractions  
623,10624,0,Apple Mac Yorkson:  IV Fluid 1 Litre (or less) | Dental Extractions  
624,10625,0,Harley:  Clavamox Chew Tabs 375 mg | Swollen Jaw 
625,10626,0,Harley:  Exam - Office Visit | Swollen Jaw 
626,10627,0,Harley:  Cytology & FNA (In Clinic) | Swollen Jaw 
627,10628,0,Teddy:  Dispensing Fee (Attachment Only) | Pre-hernia repair surgery treatment  
628,10629,0,Teddy:  Meloxicam Oral Susp. 10ml (Metacam) | Pre-hernia repair surgery treatment  
629,10630,0,Harper:  Concentrated Wind Toxin per gram | Skin Allergies  
630,10631,0,Harper:  Concentrate Tendon/Ligament per gram | Skin Allergies  
631,10632,0,Harper:  Conc. Long Dan Xie Gan Powder per gm | Skin Allergies  
632,10633,0,Baxter:  Metabolic Feline Hills - 3.85kg | pick up insulin/insulin syringes and food 
633,10634,0,Baxter:  Discount: Metabolic Feline Hills - 3.85kg | pick up insulin/insulin syringes and food 
634,10635,0,Baxter:  Caninsulin - 10mL | pick up insulin/insulin syringes and food 
635,10636,0,Baxter:  Discount: Caninsulin - 10mL | pick up insulin/insulin syringes and food 
636,10637,0,Pixie:  ISADERM GEL 15gm  | bum rash 
637,10638,0,Emmy:  Apoquel 5.4mg Tabs #21362 | Allergies 
638,10639,0,Copper:  Follow Up - Cardiology | Heart Condition previous claims were submitted under abdominal mass accidently.
639,10640,0,Bebe:  Boarding-Dog >60lbs. | Cytopoint 
640,10641,0,Bebe:  Board W/Treatment | Cytopoint 
641,10642,0,Cali:  Apoquel 5.4 mg - tablet | skin allergies 
642,10643,0,Rango:  Vaccinations Canine | Liver issue 
643,10644,1,Rango:  Bordetella Oral Vaccination - Annual | Liver issue 
644,10645,1,Rango:  Multipet Vaccine Discount | Liver issue 
645,10646,1,Rango:  DA2P Vaccination 3 Year | Liver issue 
646,10647,1,Rango:  Rabies Vaccination - 3-Year | Liver issue 
647,10648,0,Charlie:  CADI (Cytopoint) 20mg/mL/VIAL OPINJ | Atopy 
648,10649,0,"Chi Chi:  CBC, COMPREHENSIVE (VCBC) | Seizures "
649,10650,0,Chi Chi:  URGENT CARE | Seizures 
650,10651,0,Chi Chi:  BLOOD PROFILE (MINI)--STAT | Seizures 
651,10652,0,Chi Chi:  T4/CHOLESTEROL (VT4) | Seizures 
652,10653,0,Chi Chi:  Miconosol Lotion 1% 60 ml | Seizures 
653,10654,0,Chi Chi:  OFFICE EXAM - COMPREHENSIVE | Seizures 
654,10655,0,Mona Lisa:  PD i/d Fel 5.5oz Cn 4628 | Medication Refill 
655,10656,0,Mona Lisa:  Bene-Bac Pet Gel 15g DISPMED | Medication Refill 
656,10657,0,Bandit:  RCVD GI Fiber Response K9 8.8lb/4kg 48398 | Diahrrea 
657,10658,0,"BIMINI:  Neo Poly Dex Ophthalmic Suspension 5ml | Ongoing UTI, skin issues, and conjuctivitis  "
658,10659,0,Paris:  FortiFlora Canine Probiotic Supplement 30p | Bloody stools  
659,10660,0,Paris:  Tylosin 50mg CMP DISPMED | Bloody stools  
660,10661,0,DUNCAN:  Royal Canin Canine G.I. Low Fat Can | diarrhea 
661,10662,0,DUNCAN:  PROVIABLE DC Capsules | diarrhea 
662,10663,0,DUNCAN:  Royal Canin Canine G.I. Low Fat Can | diarrhea 
663,10664,1,Ranger:  Fecal O&PCmb T808 1yr | Diarrhea 
664,10665,0,DUNCAN:  I/D Low Fat Canine Can 13oz | diarrhea 
665,10666,0,DUNCAN:  Royal Canin Canine G.I. Low Fat Can | diarrhea 
666,10667,1,DUNCAN:  HEARTGARD PLUS Chewable 26-50 lbs | diarrhea 
667,10668,0,"Bandit:  Omeprazole (gen) 10mg Cap DISPCHR | Cushings disease and refill of all meds, moist dermatistis and pain meds "
668,10669,0,"Bandit:  Omeprazole (gen) 20mg Cap DISPCHR | Cushings disease and refill of all meds, moist dermatistis and pain meds "
669,10670,0,"Bandit:  AmLodipine (gen) 2.5mg Tab DISPCHR | Cushings disease and refill of all meds, moist dermatistis and pain meds "
670,10671,0,"Bandit:  Benazepril (Fortekor) 20mg Tab DISPCHR | Cushings disease and refill of all meds, moist dermatistis and pain meds "
671,10672,0,"Bandit:  Trilostane (Vetoryl) 30mg Caps 30ct DISPC | Cushings disease and refill of all meds, moist dermatistis and pain meds "
672,10673,0,"Bandit:  Gabapentin (gen) 300mg Cap DISPMED | Cushings disease and refill of all meds, moist dermatistis and pain meds "
673,10674,0,"Bandit:  Pill Pocket Capsule Chicken 15.8oz | Cushings disease and refill of all meds, moist dermatistis and pain meds "
674,10675,1,Chrissey:  Revolution 5-10# K9 (6 Month Supply) | Liver/Adrenal Gland 
675,10676,0,Chrissey:  Denamarin Cat & Small Dog -30 count box | Liver/Adrenal Gland 
676,10677,0,Chrissey:  Ursodiol 250mg tab | Liver/Adrenal Gland 
677,10678,1,"Benny:  Bath  21-40# | dermatitis,/alopecia "
678,10679,0,Yuka:  Medical Progress Exam | Sprain 
679,10680,0,Yuka:  (Ascenta) Baie Run Omega 3 Canine 200ml | Sprain 
680,10681,0,Sophie:  Bath  61-80# | Allergy; otitis externa 
681,10682,0,Sophie:  Examination - 2nd Pet | Allergy; otitis externa 
682,10683,0,Tucker:  CHEM 17 Repeat w bc-In Clinic | RH Lameness and cyst 
683,10684,0,Tucker:  CONSULTATION | RH Lameness and cyst 
684,10685,0,Tucker:  RADIOGRAPH (INITIAL) | RH Lameness and cyst 
685,10686,0,Tucker:  Clavaseptin 250mg Tab DIN 02316919 | RH Lameness and cyst 
686,10687,0,Tucker:  Gabapentin 100mg DIN 02244513 | RH Lameness and cyst 
687,10688,0,Tucker:  Clip and clean wound per min | RH Lameness and cyst 
688,10689,0,Tucker:  LARGE SLING | RH Lameness and cyst 
689,10690,0,Tucker:  Metacam 1.5 mg/ml Oral DIN 02237715 | RH Lameness and cyst 
690,10691,0,Katon:  Senior Wellness Exam* | Senior Wellness exam  
691,10692,0,"Katon:  Cystocentesis, US view of bladder | Senior Wellness exam  "
692,10693,0,Katon:  Chem 27 SDMA CBC FT4 TT4 UA UPC 2664999 | Senior Wellness exam  
693,10694,0,Katon:  Gabapentin 300 mg Capsules #64943 | Senior Wellness exam  
694,10695,0,Katon:  Biohazard Fee | Senior Wellness exam  
695,10696,0,Katon:  Adequan Maintenance single inj 91-130 lb | Senior Wellness exam  
696,10697,0,George:  APOQUEL 5.4mg | allergies 
697,10698,0,Bandit:  FortiFlora Canine Probiotic Supplement 30 | Bad Gas 
698,10699,0,Gordie:  Syr Ins Caninsulin U40 0.5mL 29Gx0.5in 10 | Medication refill 
699,10700,0,Gordie:  MISC Dog Supplies | Medication refill 
700,10701,0,Gordie:  Insulin (Caninsulin) U40 10mL DISPCHR | Medication refill 
701,10702,0,Daisy:  Miscellaneous Surgery | plate removal - follow up to luxation surgery 
702,10703,0,Daisy:  RAD FollowUp Radiograph | plate removal - follow up to luxation surgery 
703,10704,0,Daisy:  Carprofen (Rimadyl) 25mg Cw Tab DISPMED | plate removal - follow up to luxation surgery 
704,10705,0,Daisy:  Pain Management Level 2 | plate removal - follow up to luxation surgery 
705,10706,0,Daisy:  Aerobic Culture&Sensitivity Anaerobic Cult | plate removal - follow up to luxation surgery 
706,10707,0,Daisy:  ADD Sevoflurane | plate removal - follow up to luxation surgery 
707,10708,0,Daisy:  Cefazolin (gen) 100mg/mL/mL IHINJ | plate removal - follow up to luxation surgery 
708,10709,0,Daisy:  AmoxiClav (Clavamox) 125mg Tab DISPMED | plate removal - follow up to luxation surgery 
709,10710,0,Daisy:  NSAID #1 SA810 | plate removal - follow up to luxation surgery 
710,10711,0,Daisy:  RAD Radiology Interpretation Followup | plate removal - follow up to luxation surgery 
711,10712,0,Daisy:  Block Incision | plate removal - follow up to luxation surgery 
712,10713,0,Daisy:  ADD Bupivacaine (Nocita) 13.3mg/mL/mL (w/B | plate removal - follow up to luxation surgery 
713,10714,0,Daisy:  ADD Maropitant (Cerenia) 10mg/mL/mL IHINJ | plate removal - follow up to luxation surgery 
714,10715,0,Jimmy:  Office Visit - Work in Exam | Limping 
715,10716,0,Jimmy:  Rimadyl Chewable  75 mg | Limping 
716,10717,0,Ava:  Tech Time per 10 minutes | Allergic reaction 
717,10718,0,Ava:  Diphenhydramine 50mg/ml 1ml vial | Allergic reaction 
718,10719,1,Ollie:  Leptospirosis Vaccination (Annual) | Preventative Health Exams and Vaccines 
719,10720,0,Ollie:  Preventive Health Exam (Annual) | Preventative Health Exams and Vaccines 
720,10721,0,Ollie:  Fecal w/Centrifugation (In-House) | Preventative Health Exams and Vaccines 
721,10722,1,Ollie:  Canine Cough Intranasal Vaccine (Annual) | Preventative Health Exams and Vaccines 
722,10723,0,Mila:  Brief Recheck Exam | Ear infection  
723,10724,0,Mila:  Ear Clean Minor <10min | Ear infection  
724,10725,0,Mila:  Mometamax (Generic) 15 gm | Ear infection  
725,10726,0,Mila:  Pluck Ear Hair | Ear infection  
726,10727,0,CHEDDY:  Metronidazole (gen) 250mg Tab DISPMED | diarrhea 
727,10728,0,"Pia-:  Anal Glands | nail trim, anal glands, bloodwork  "
728,10729,0,"Pia-:  Culture/Sensitivity (M020) | nail trim, anal glands, bloodwork  "
729,10730,0,"Pia-:  Nail trim | nail trim, anal glands, bloodwork  "
730,10731,0,Oreo:  Culture and Sensitivity | possible UTI Please call with questions 9528848248 
731,10732,0,LOKI:  Discount: Fluorescein Eye Stain | eye ulcer  
732,10733,0,LOKI:  Cerenia Injectable 10mg/mL | eye ulcer  
733,10734,0,LOKI:  Discount: Cerenia Injectable 10mg/mL | eye ulcer  
734,10735,0,LOKI:  Fluorescein Eye Stain | eye ulcer  
735,10736,0,Mila:  Radiographs - Set up and Two Views | abdominal discomfort 
736,10737,1,Jax:  Interceptor + 23mg 22.8-45.4kg Blue #728 | abdominal discomfort 
737,10738,1,Lily:  Nexgard 10.1-24.0 lbs Canine 3pk | anal gland expressinion 
738,10739,0,Lily:  Anal Sac Gland Expression | anal gland expressinion 
739,10740,0,Penny:  Exam - Comprehensive | bump 
740,10741,1,Penny:  Bordetella - Canine Oral Booster | bump 
741,10742,0,Peanut:  Subcutaneous Fluids - Add | Constipation? Pancreatitis? Ileus? Hepatic/renal insufficiency? 
742,10743,0,Peanut:  Tramadol 10mg HCL Tablet each | Constipation? Pancreatitis? Ileus? Hepatic/renal insufficiency? 
743,10744,0,Peanut:  CPLI In House - Add On | Constipation? Pancreatitis? Ileus? Hepatic/renal insufficiency? 
744,10745,0,"Peanut:  SA General Panel Chem17,CBC,elyts inhous | Constipation? Pancreatitis? Ileus? Hepatic/renal insufficiency? "
745,10746,0,Peanut:  Recheck Exam   | Constipation? Pancreatitis? Ileus? Hepatic/renal insufficiency? 
746,10747,0,Harry:  DR. CONSULT CANINE EMERGENCY  | ibuprofen Toxicity  
747,10748,0,Barry:  Pill Pocket Capsule K9 Peanut Butter 7.9oz | refill medication  
748,10749,0,Tyra:  Deramaxx  25mg | LEFT HIND LAMENESS 
749,10750,0,Jillian:  Anal Glands Expressed | Anal Abcess 
750,10751,0,North Dakota:  Progress Exam | Senior Blood Profile 
751,10752,1,North Dakota:  HWM 4dx Snap - IH | Senior Blood Profile 
752,10753,0,North Dakota:  IDEXX Senior Profile with Reflex UP | Senior Blood Profile 
753,10754,0,Archie:  Abdominal Ultrasound - Saturday  | Vomiting 
754,10755,0,Archie:  Fluid Maintenance - 0 - 12 Hours  | Vomiting 
755,10756,0,Archie:  Fluid Pump per Day  | Vomiting 
756,10757,0,Archie:  Chem / CBC / Electrolytes (In House)  | Vomiting 
757,10758,0,Archie:  Metronidazole Injection  | Vomiting 
758,10759,0,Archie:  Radiographs - 2 View Stat with Spec Int. | Vomiting 
759,10760,0,Archie:  IV Catheter Placement | Vomiting 
760,10761,0,Coco:  Consultation - Emergency -  | Possibly ate Cigarette 
761,10762,0,Coco:  Charcoal per ml - 222mg/mL | Possibly ate Cigarette 
762,10763,0,Coco:  IV Setup - Catheter & IV Set | Possibly ate Cigarette 
763,10764,0,Coco:  Fluids per bag | Possibly ate Cigarette 
764,10765,0,Coco:  I-Stat EC-8 | Possibly ate Cigarette 
765,10766,0,Coco:  IV Maintenance 12 hrs | Possibly ate Cigarette 
766,10767,0,Coco:  Hospitalization/Nursing Care up to 12hrs | Possibly ate Cigarette 
767,10768,0,Duke:  Metronidazole 250mg | foreign body 
768,10769,1,Duke:  Heartgard PLUS K9 CHEWABLE 51-100# Brown | foreign body 
769,10770,1,Duke:  Simparica 44.1-88lbs (Green) | foreign body 
770,10771,0,Duke:  Cerenia 160mg 4 pack | foreign body 
771,10772,0,Duke:  Inj Famotidine ( Pepcid ) | foreign body 
772,10773,0,Duke:  Comprehensive Illness Exam | foreign body 
773,10774,0,Duke:  Inj Cerenia ( Maropitant) | foreign body 
774,10775,0,Duke:  Fluids SQ - up to 500ml/treatment | foreign body 
775,10776,0,Duke:  Radiology Follow-Up Single-View Study | foreign body 
776,10777,0,Duke:  Specialist Radiology Consult | foreign body 
777,10778,0,Duke:  Radiology Diagnostic Single View Study | foreign body 
778,10779,0,Laila:  Azodyl Capsules #90 | Medication refills 
779,10780,0,Laila:  Phos Bind Powder (200gm) | Medication refills 
780,10781,0,Piper:  Amantadine 100mg - SUMMIT | Limping Left Front Leg 
781,10782,0,"Mack:  Superchem,CBC,T4 | Lump on stomach "
782,10783,0,"Mack:  Radiograph, Set Up & 2 Views | Lump on stomach "
783,10784,0,"Mack:  Consultation, General | Lump on stomach "
784,10785,0,CECE:  Apoquel 16mg Tablets B100 | ITCHY SKIN 
785,10786,0,"Howie:  Gentocin Topical Spray 60 ml | skin infection, Anal Gland Infection "
786,10787,0,"Howie:  Wound Treatment | skin infection, Anal Gland Infection "
787,10788,0,"Howie:  Office Visit RECHECK -- extended | skin infection, Anal Gland Infection "
788,10789,0,Huckleberry:  Posatex 15g DISPMED | Ear infection 
789,10790,0,Airibella:  General Diagnostic (2) - Gen 2 | Bloodwork for upcoming knee surgery 
790,10791,1,Daisy:  Simparica / Interceptor SINGLES 10-20kg | Itching 
791,10792,0,Daisy:  Apoquel 16 mg tab | Itching 
792,10793,0,Daisy:  Exam- Physical And Consultation | Itching 
793,10794,0,Luna:  Tramadol 50 mg Tablet | lamness 
794,10795,0,Luna:  Acepromazine Tablet 25 mg | lamness 
795,10796,0,Luna:  Exam/Consult - Level 2 | lamness 
796,10797,0,Luna:  Rimadyl 100mg Chewable Tab | lamness 
797,10798,0,Prince George:  Emergency Examination | Fell off of couch and hit head. 
798,10799,0,Henry:  Exam/Consultation | Pre surgery exam  
799,10800,0,Henry:  Anesthetic Monitoring | Pre surgery exam 
800,10801,0,Henry:  Anesthetic Maintenance - Isoflurane | Pre surgery exam 
801,10802,0,Henry:  Surgical Services - Veterinarian | Pre surgery exam 
802,10803,0,Henry:  NEUTER Canine >20kg | Pre surgery exam 
803,10804,0,Henry:  Cerenia Inj. 10mg/ml | Pre surgery exam 
804,10805,0,Jaws:  Prednisone 20mg Tabs #21371 | Facial neuritis  & Seizures  
805,10806,0,Jaws:  Phenobarbital 64.8mg Tabs #21371 | Facial neuritis  & Seizures  
806,10807,0,Theia:  EXPRESS ANAL GLANDS | EARS 
807,10808,0,Theia:  EAR CLEANING LEVEL 1 | EARS 
808,10809,0,Theia:  Exam - General Comprehensive/Illness | EARS 
809,10810,0,Theia:  VET SOLUTIONS EAR CLEANE 8oz | EARS 
810,10811,0,Lilo:  Cytopoint Injection 80.1-90 lbs | Skin 
811,10812,0,Lilo:  Ketoseb PS Wipes | Skin 
812,10813,0,Lilo:  Progress Exam | Skin 
813,10814,0,Lilo:  Biohazard Fee | Skin 
814,10815,0,Brodie:  Chiropractic treatment | Left capital physeal fracture-sore today; vomiting and diarrhea 
815,10816,0,Clementine:  Catalyst CBC | IMHA  
816,10817,0,Clementine:  Catalyst CBC | IMHA  
817,10818,0,Clementine:  Omeprazole 10mg/mL | IMHA  
818,10819,0,"Clementine:  Catalyst General (Chem 17, CBC, Elec. | IMHA  "
819,10820,0,"Clementine:  Catalyst General (Chem 17, CBC, Elec. | IMHA  "
820,10821,0,Clementine:  PrednisoLONE Tabs 5mg DIN 02246080 | IMHA  
821,10822,0,AJAX:  Neopolydex Ophthalmic Suspension | conjunctivitis 
822,10823,0,AJAX:  EXAM Comprehensive (well) | conjunctivitis 
823,10824,1,AJAX:  BORDETELLA BOOSTER (6 month) | conjunctivitis 
824,10825,0,AJAX:  REG MED WASTE (outpatient) | conjunctivitis 
825,10826,1,AJAX:  LYME CR 2ND VACCINE IN SERIES | conjunctivitis 
826,10827,1,AJAX:  INFLUENZA BIVAL YEARLY VACCINE | conjunctivitis 
827,10828,0,"Basil:  Consultation, Emergency | Diarrhea "
828,10829,0,Basil:  Proviable DC for Dog/Cat per cap | Diarrhea 
829,10830,0,Basil:  Radiograph - Radiologist Review | Diarrhea 
830,10831,0,"Basil:  Fluid, Subcutaneous - Small/Exotics | Diarrhea "
831,10832,0,Basil:  Radiograph Two Views | Diarrhea 
832,10833,0,DUKE:  AmoxiClav (Clavamox) Chew 62.5mg Tab DISPME | anemia  
833,10834,0,DUKE:  RAD Thorax 1-2 Views | anemia  
834,10835,0,DUKE:  Prednisolone (gen) 5mg Tab DISPMED | anemia  
835,10836,0,DUKE:  AIS Radiology Interpretation | anemia  
836,10837,0,DUKE:  VetScan Comprehensive Diagnostic Profile+CB | anemia  
837,10838,0,DUKE:  Exam/Consultation Brief Eye Recheck | anemia  
838,10839,0,Brodie:  Chiropractic treatment | anxiety (chiro) 
839,10840,0,SOPHIA:  EN Canine (Canned/Case) | NOT EATING/LETHARGIC 
840,10841,0,SOPHIA:  Culture & Sensitivity (Urine) | NOT EATING/LETHARGIC 
841,10842,0,SOPHIA:  Gentle Snackers | NOT EATING/LETHARGIC 
842,10843,0,SOPHIA:  EN Canine (6# Bag) | NOT EATING/LETHARGIC 
843,10844,0,SOPHIA:  BIOHAZARD DISPOSAL FEE | NOT EATING/LETHARGIC 
844,10845,0,SOPHIA:  Urinalysis | NOT EATING/LETHARGIC 
845,10846,0,SOPHIA:  Office Visit | NOT EATING/LETHARGIC 
846,10847,0,SOPHIA:  CBC/Comp/Electrolytes (in-hosp) | NOT EATING/LETHARGIC 
847,10848,0,SOPHIA:  Claro Otic Meds | NOT EATING/LETHARGIC 
848,10849,0,SOPHIA:  Price-Match (alli vet) | NOT EATING/LETHARGIC 
849,10850,0,Henry:  Furosemide Oral Sln 10mg/ml - Per ml | Cardiology Issues (medication added on) 
850,10851,0,Henry:  Pimobendan 5mg/ml Susp - 36ml | Cardiology Issues (medication added on) 
851,10852,0,Higgins:  Si Miao San - Four Marvels gran  | limping  
852,10853,0,Higgins:  Acupunture/Chiro Treatment Combo | limping  
853,10854,0,Higgins:  Rimadyl Chewable 100 MG (180s) | limping  
854,10855,0,Pixy:  Cerenia (maropitant) inj. 10mg/ml | Dark Chocolate Toxicity 
855,10856,0,"Pixy:  Chem 17, CBC, Electrolytes, (I/H) | Dark Chocolate Toxicity "
856,10857,0,Pixy:  Hospitalization ASA2 per hour  | Dark Chocolate Toxicity 
857,10858,0,Pixy:  Poison Control  | Dark Chocolate Toxicity 
858,10859,1,Pixy:  Denamarin Advanced Sm K9 Chew 7-50# | Dark Chocolate Toxicity 
859,10860,0,Pixy:  Diazepam 5mg/ml Inj | Dark Chocolate Toxicity 
860,10861,0,Pixy:  ICU - IV Catheter Care/Fluids/Pump | Dark Chocolate Toxicity 
861,10862,0,Pixy:  Trazodone 50mg tabs | Dark Chocolate Toxicity 
862,10863,0,Pixy:  Emergency Consultation  | Dark Chocolate Toxicity 
863,10864,0,Pixy:  Emesis (Induce Vomiting - use code 3674 | Dark Chocolate Toxicity 
864,10865,0,Pixy:  Hospitalization ASA2 per hour  | Dark Chocolate Toxicity 
865,10866,0,Zoey:  Diazepam (Valium) 2 mg Tablet* | Urinary Stones 
866,10867,0,Remington:  Prednisone 20mg | allergic reaction 
867,10868,0,Remington:  Inj Cerenia 10mg/ml | allergic reaction 
868,10869,0,Remington:  Inj Benadryl 50mg/ml(Diphenhydramine) | allergic reaction 
869,10870,0,Angus:  Famotidine (gen) 20mg Tab DISPMED | Vomiting 
870,10871,0,Angus:  Famotidine (gen) 10mg/mL/mL IHINJ | Vomiting 
871,10872,0,Angus:  Exam/Consultation    Well Patient | Vomiting 
872,10873,0,Angus:  RAD Abdominal 3-4 Views | Vomiting 
873,10874,0,Angus:  Fluids Subcutaneous 400mL-1L | Vomiting 
874,10875,0,"Ginger:  Blood Pressure Measurment | Protein Losing Nephropathy, allergic skin disease "
875,10876,0,"Ginger:  Breathalyser Vanilla Mint 50ml | Protein Losing Nephropathy, allergic skin disease "
876,10877,0,"Ginger:  Douxo Calm Serum - 60ml | Protein Losing Nephropathy, allergic skin disease "
877,10878,0,"Ginger:  Blood Collection | Protein Losing Nephropathy, allergic skin disease "
878,10879,0,"Ginger:  Geriatric Panel -  Idexx | Protein Losing Nephropathy, allergic skin disease "
879,10880,0,"Ginger:  Medical Progress Exam (Recheck) | Protein Losing Nephropathy, allergic skin disease "
880,10881,0,"Lucy:  Consultation, Emergency | Limping "
881,10882,0,Lucy:  Radiograph - Radiology Review STAT | Limping 
882,10883,0,Lucy:  Gabapentin 300 mg Capsule | Limping 
883,10884,0,Lucy:  Butorphanol 10 mg/ml Inj. (per ml) | Limping 
884,10885,0,Lucy:  Radiograph Three Views | Limping 
885,10886,0,Lucy:  Carprofen (Rimadyl) 75 mg Caplet BV | Limping 
886,10887,0,Lucy:  Abaxis Vetscan Prep Profile | Limping 
887,10888,0,Luna:  Diphenhydramine - Injection | allergies 
888,10889,0,Luna:  Lab - Heartworm Test  | allergies 
889,10890,1,Luna:  Leptospirosis Vaccine | allergies 
890,10891,0,Luna:  CADI Inj 40mg | allergies 
891,10892,0,Luna:  CADI Inj 20mg | allergies 
892,10893,0,Luna:  Medical Exam - Wellness  | allergies 
893,10894,0,Star:  Recheck Ear/SkinVagina Cytology | Ear infection 
894,10895,0,Star:  Osurnia PER TUBE | Ear infection 
895,10896,0,Angel:  Epiphen(Phenobarb)60mg/tab | SEIZURE 
896,10897,0,Angel:  Epiphen(Phenobarb)30mg/ tab | SEIZURE 
897,10898,0,Rimsky:  Office Visit  | Tail Injury 
898,10899,0,Rimsky:  Medical Waste Disposal | Tail Injury 
899,10900,0,Rimsky:  Meloxicam (metacam) Injectable 5mg/ml | Tail Injury 
900,10901,0,Tyrion:  IV Pump | Foreign Body Blockage Post op 
901,10902,0,Tyrion:  Exam - Progress 1 | Foreign Body Blockage Post op 
902,10903,0,Tyrion:  Famotidine 20 mg tablets | Foreign Body Blockage Post op 
903,10904,0,Tyrion:  EloxiOral Metacam 1.5 mg/ml (10ml) | Foreign Body Blockage Post op 
904,10905,0,Tyrion:  Metoclopramide Inj 5mg/ml | Foreign Body Blockage Post op 
905,10906,0,Tyrion:  Hill's Canine i/d Low Fat 12oz can | Foreign Body Blockage Post op 
906,10907,0,Tyrion:  Famotidine Inj 10mg/ml | Foreign Body Blockage Post op 
907,10908,0,Tyrion:  Amoxicillin Trihydrate Clavulanate 125mg | Foreign Body Blockage Post op 
908,10909,0,Tyrion:  Biohazard Medical Waste Fee | Foreign Body Blockage Post op 
909,10910,0,Tyrion:  Hospitalization</=12 hrs Medium 20-50lbs | Foreign Body Blockage Post op 
910,10911,0,Tyrion:  Fluids IV Daily Treatment/Following Days | Foreign Body Blockage Post op 
911,10912,0,Tyrion:  Cefazolin Inj 100mg/ml | Foreign Body Blockage Post op 
912,10913,0,Tyrion:  Meloxicam Loxicam Inj 5mg/ml | Foreign Body Blockage Post op 
913,10914,0,Oprah Belle:  Vanguard L4 (Lepto) | vaccine 
914,10915,0,Oprah Belle:  Technician Appointment Level A | vaccine 
915,10916,0,Oprah Belle:  OSHA Disposal Fee | vaccine 
916,10917,0,Rocket:  After hours Call In (Specialist) | possible foreign body 
917,10918,0,Rocket:  Consultation - Transfer from RDVM | possible foreign body 
918,10919,0,Rocket:  Ultrasound - Abdomen | possible foreign body 
919,10920,0,"Maximus:  Annual Canine Vaccines | Maximus was seen in the clinic today for Annual VX. There are no signs of the thicked pinna as noted on March 10/18. There was a focal scab on the left ear caused by trauma. Not further lesions noted on both ears, compoared to the 03-10-18 findings. "
920,10921,0,"Maximus:  Biological Disposal Fee | Maximus was seen in the clinic today for Annual VX. There are no signs of the thicked pinna as noted on March 10/18. There was a focal scab on the left ear caused by trauma. Not further lesions noted on both ears, compoared to the 03-10-18 findings. "
921,10922,0,"Maximus:  Canine Bordetella Annual Oral | Maximus was seen in the clinic today for Annual VX. There are no signs of the thicked pinna as noted on March 10/18. There was a focal scab on the left ear caused by trauma. Not further lesions noted on both ears, compoared to the 03-10-18 findings. "
922,10923,0,"Maximus:  PVD K9 DRM Dermatologic Naturals 11.3kg | Maximus was seen in the clinic today for Annual VX. There are no signs of the thicked pinna as noted on March 10/18. There was a focal scab on the left ear caused by trauma. Not further lesions noted on both ears, compoared to the 03-10-18 findings. "
923,10924,0,Riley:  Metronidazole:100mg/ml liquid (per ml) # | diarrhea 
924,10925,0,Tyrion:  EloxiOral Metacam 1.5 mg/ml (10ml) | Foreign Body Blockage Post op 
925,10926,0,Tyrion:  Famotidine 20 mg tablets | Foreign Body Blockage Post op 
926,10927,0,Tyrion:  Cefazolin Inj 100mg/ml | Foreign Body Blockage Post op 
927,10928,0,Tyrion:  Famotidine Inj 10mg/ml | Foreign Body Blockage Post op 
928,10929,0,Tyrion:  Meloxicam Loxicam Inj 5mg/ml | Foreign Body Blockage Post op 
929,10930,0,Tyrion:  Biohazard Medical Waste Fee | Foreign Body Blockage Post op 
930,10931,0,Tyrion:  Metoclopramide Inj 5mg/ml | Foreign Body Blockage Post op 
931,10932,0,Tyrion:  Hill's Canine i/d Low Fat 12oz can | Foreign Body Blockage Post op 
932,10933,0,Tyrion:  Exam - Progress 1 | Foreign Body Blockage Post op 
933,10934,0,Tyrion:  Fluids IV Daily Treatment/Following Days | Foreign Body Blockage Post op 
934,10935,0,Tyrion:  Hospitalization</=12 hrs Medium 20-50lbs | Foreign Body Blockage Post op 
935,10936,0,Tyrion:  IV Pump | Foreign Body Blockage Post op 
936,10937,0,Tyrion:  Amoxicillin Trihydrate Clavulanate 125mg | Foreign Body Blockage Post op 
937,10938,0,Charlie:  Rovera (Carprofen) 75mg Cw Tab 30ct DISP | Injury to left knee 
938,10939,0,"Oskar:  YGIA-14 Probiotic 3.5g K9 <10kg DISPMED | Vomiting, diarrhea "
939,10940,0,Bodi:  Metacam 1.5mg/mL (by mL) | Broken nail 
940,10941,0,Bodi:  Exam ~ Illness/Health Concern | Broken nail 
941,10942,0,Harvey:  Biopsy w. Microscopic Descrip. 2 masses | Related to GVD 
942,10943,0,Harvey:  Anesthetic Monitoring | Related to GVD 
943,10944,0,Harvey:  Cerenia Injectable 20ml | Related to GVD 
944,10945,0,Harvey:  Endoscope - Referral In Hospital | Related to GVD 
945,10946,0,Harvey:  Sulcrate Susp Plus 1g/5ml Liquid | Related to GVD 
946,10947,0,Harvey:  Induction | Related to GVD 
947,10948,0,Harvey:  Anesthetic IV Fluids | Related to GVD 
948,10949,0,Harvey:  Gabapentin 100mg/mL | Related to GVD 
949,10950,0,Harvey:  General Diagnostic Panel w/CBC IH | Related to GVD 
950,10951,0,Harvey:  Anesthetic Maintenance | Related to GVD 
951,10952,0,Harvey:  Hospitalization During the Day | Related to GVD 
952,10953,0,Harvey:  Omeprazole 10mg/ml | Related to GVD 
953,10954,0,Harvey:  Tramadol 10mg/ml Oral Liquid (Summit) | Related to GVD 
954,10955,0,Angela:  Physical Exam W/Vaccinations - Adult | Hair loss 
955,10956,0,Angela:  Senior Screen # 865 | Hair loss 
956,10957,0,Angela:  Urine Collection | Hair loss 
957,10958,0,Angela:  In House Cytology- Dip-Quick Stained | Hair loss 
958,10959,0,Angela:  Phlebotomy | Hair loss 
959,10960,0,Cisco:  RAD Abdominal 1-2 Views | ate toxin 
960,10961,0,Cisco:  Fluids Subcutaneous 50-400mL | ate toxin 
961,10962,0,Cisco:  Exam/Consultation Emergency | ate toxin 
962,10963,0,Cisco:  AIS Radiology Interpretation | ate toxin 
963,10964,0,Cisco:  Maropitant (Cerenia) 10mg/mL/mL OPINJ | ate toxin 
964,10965,0,Cisco:  Metronidazole (gen) 100mg/mL/mL CMP DISPME | ate toxin 
965,10966,0,Service charge on unpaid balance | Lameness and Pain 
966,10967,0,Luna:  Plasmalyte 1000ml bag | Diagnosed with kidney failure.  Prescribed prescripion diet 
967,10968,0,BUBBA:  Apoquel 16mg Tablets B100 | ITCHY SKIN 
968,10969,0,BUBBA:  BATH-INCOMING | ITCHY SKIN 
969,10970,0,BUBBA:  EXAM | ITCHY SKIN 
970,10971,0,"Zumi:  Hazmat Disposal Fee, Syringe | Dental Nerve Pain "
971,10972,0,Zumi:  Sample Collection | Dental Nerve Pain 
972,10973,0,Zumi:  Preop Panel to Lab w/PT and PTT | Dental Nerve Pain 
973,10974,0,Leo:  Office Visit - Sick or Injured Pet | Inappetence 
974,10975,0,Leo:  Subcutaneous Fluids - In CLINIC | Inappetence 
975,10976,0,Leo:  MEDICAL WASTE | Inappetence 
976,10977,0,Leo:  In Clinic FPL (Pancreatitis Testing Cat) | Inappetence 
977,10978,0,Leo:  IDEXX  Superchem/CBC/T4 - ADULT | Inappetence 
978,10979,0,Leo:  Cerenia Inj. (Sm) | Inappetence 
979,10980,0,Jerome:  VS CBC T4 UA SA037 | Weight Loss 
980,10981,0,Jerome:  PD c/d Multicare Fel Ocean Fish 8.5lb 278 | Weight Loss 
981,10982,0,Jerome:  Exam/Consultation   Medical Condition | Weight Loss 
982,10983,0,Sparky:  PD z/d K9 5.5oz cn 5403 | Laser therapy injection and meds  
983,10984,0,Sparky:  PD i/d Low Fat GI Restore K9 13oz Can 186 | Laser therapy injection and meds  
984,10985,0,Sparky:  NeoPredef w/ Tetracaine Powder 15g DISPME | Laser therapy injection and meds  
985,10986,0,Sparky:  Adequan 100mg/mL/mL OPINJ | Laser therapy injection and meds  
986,10987,0,Sparky:  FortiFlora Canine Probiotic Supplement 30 | Laser therapy injection and meds  
987,10988,1,Grace:  Bravecto Blue 44-88# Chew | diabetes insipidus/incontinence/rx food 
988,10989,0,Grace:  Medical Progress Consultation | diabetes insipidus/incontinence/rx food 
989,10990,0,Grace:  Sentinel White 51-100 lbs - 6 mo. | diabetes insipidus/incontinence/rx food 
990,10991,0,Coco:  Anal Sacs Expressed | anals  
991,10992,0,Amelia:  Drop Off Examination | Mass Left Rear Foot 
992,10993,0,Amelia:  OSHA Medical Waste Compliance | Mass Left Rear Foot 
993,10994,0,Amelia:  Cytology w/ Microscopic Des. (1 Site) | Mass Left Rear Foot 
994,10995,0,MARLEY:  Aluminum Hydroxide 80mg Caps | kidney disease (requirements for kidney transplant) 
995,10996,0,MARLEY:  Lactated Ringers | kidney disease (requirements for kidney transplant) 
996,10997,0,"MARLEY:  Needles 18g x1""  Each | kidney disease (requirements for kidney transplant) "
997,10998,0,Theo:  Thyroid Free T4 (ED) Add on - ADD50 | exam ear skin 
998,10999,0,MYSTIQUE:  Exam/Medical Progress FollowUp | Degenerative joint disease 
999,11000,0,Cricket:  RAD FollowUp Radiograph | Vomiting 
