id,PreventiveFlag,CombinedText
10001,,MILLIE:  Polygylcan SA IM Arthritis Inj per ML | Complications of TPLO (Millie only) 
10002,,Ebbet:  Zignature Kangaroo Formula 13oz. | vomiting and diarrhea 
10003,,Ginger:  Office Visit | ear infection 
10004,,Johnny:  Fluorescein Stain (per patient) |  CONJUNCTIVITIS 
10005,,Johnny:  Office Examination/Consultation |  CONJUNCTIVITIS 
10006,,Johnny:  Tobrex 0.3% ophthalmic solution 5ml |  CONJUNCTIVITIS 
10007,,Molly:  RADIOGRAPH (INITIAL) | got into a childrens soother  
10008,,Molly:  CONSULTATION | got into a childrens soother  
10009,,Molly:  Vomiting induction/injection | got into a childrens soother  
10010,,Molly:  Apomorphine Inj. 3mg/ml | got into a childrens soother  
10011,,Molly:  Cerenia 10mg/ml  Inj. DIN 02299542 | got into a childrens soother  
10012,,Thor:  DrontalPlusCanine136 mg Rx | Urinalysis 
10013,,Thor:  Exam Physical | Urinalysis 
10014,,Thor:  Lab Urinalysis Complete IN HOUSE | Urinalysis 
10015,,Thor:  Medical Waste Fee | Urinalysis 
10016,,Calvin:  Wellness Exam | Left ACL repair 9/13/18 DASUQUIN AND FREE FORM FATTY ACIDS
10017,,Calvin:  Bordetella Inj 1 Year | Left ACL repair 9/13/18 DASUQUIN AND FREE FORM FATTY ACIDS
10018,,Calvin:  Lyme ( CR) 1 Year | Left ACL repair 9/13/18 DASUQUIN AND FREE FORM FATTY ACIDS
10019,,Calvin:  IDX Lab 4Dx Plus Test - Canine | Left ACL repair 9/13/18 DASUQUIN AND FREE FORM FATTY ACIDS
10020,,Calvin:  Free Form Snip Tips Med/Lg Dogs 60ct | Left ACL repair 9/13/18 DASUQUIN AND FREE FORM FATTY ACIDS
10021,,Calvin:  Hypoallergenic Treats Canine 12oz | Left ACL repair 9/13/18 DASUQUIN AND FREE FORM FATTY ACIDS
10022,,Calvin:  Leptospirosis 1 Year | Left ACL repair 9/13/18 DASUQUIN AND FREE FORM FATTY ACIDS
10023,,Calvin:  DA2P-Pv  3 Year | Left ACL repair 9/13/18 DASUQUIN AND FREE FORM FATTY ACIDS
10024,,Calvin:  Dasuquin Advanced Tabs Lg 140ct | Left ACL repair 9/13/18 DASUQUIN AND FREE FORM FATTY ACIDS
10025,,Calvin:  Anal Glands Expressed | Left ACL repair 9/13/18 DASUQUIN AND FREE FORM FATTY ACIDS
10026,,Sophie:  Vetri-Flex Chews 60ct | Allergies 
10027,,Sophie:  Express Ease Bite Sized Chews | Allergies 
10028,,Isabella:  Adequan Injections | limping 
10029,,MISSY:  Denamarin Med Dogs 13-34Lb  | Follow up Bladder Stones and Liver Disease 
10030,,Chipper:  Brief Office Call | New subcutaneous mass 
10031,,Chipper:  IDEXX Cytology with Microscopic Desc | New subcutaneous mass 
10032,,Chipper:  Medical Waste Disposal Fee | New subcutaneous mass 
10033,,Chloe:  Junior Canine Preventative Panel | UTI 
10034,,Chloe:  Comprehensive Examination | UTI 
10035,,Chloe:  Convenia Injection Per 0.1 ml | UTI 
10036,,APPLE:  Clavamox Drops | odor from mouth 
10037,,APPLE:  A - CBC/Chemistry | odor from mouth 
10038,,APPLE:  COMPREHENSIVE EXAM - CANINE | odor from mouth 
10039,,Chipper:  INTRANASAL BORDATELLA | lyme/lepto vaccines + obesity 
10040,,Chipper:  Medical Waste/Osha compliance | lyme/lepto vaccines + obesity 
10041,,Chipper:  PURINA DH SMALL BITES (K9) 6 LBS | lyme/lepto vaccines + obesity 
10042,,Chipper:  ANNUAL LEPTOSPIROSIS VAX 4 | lyme/lepto vaccines + obesity 
10043,,Chipper:  Very Important Pet ( VIP) VISIT | lyme/lepto vaccines + obesity 
10044,,Chipper:  ANNUAL LYME VAX | lyme/lepto vaccines + obesity 
10045,,RAVEN:  Endosorb Tablet | diarrhea 
10046,,Minnie Marshmallow:  Chlorpheniramine 4mg | Hepatitis/IBD/Allergic Dermatitis/crystals in urine 
10047,,Minnie Marshmallow:  zCytoPoint 10mg 0-10lb | Hepatitis/IBD/Allergic Dermatitis/crystals in urine 
10048,,Minnie Marshmallow:  CytoPoint Inj Administration | Hepatitis/IBD/Allergic Dermatitis/crystals in urine 
10049,,Skar:  Biohazard/Sharps Disposal | pre-surgical lab work for mass removal 
10050,,Skar:  Pre-Anesthetic Vital Organ Screen | pre-surgical lab work for mass removal 
10051,,Nala:  METRONIDAZOLE SUSPENSION  | DIARRHEA  
10052,,Nala:  CANINE GI LOW FAT - HOME CARE KIT  | DIARRHEA  
10053,,MAIKA:  Schirmer Tear Test | otitis externa/conjunctivitis 
10054,,MAIKA:  Intraocular pressure test | otitis externa/conjunctivitis 
10055,,MAIKA:  Ear Packing | otitis externa/conjunctivitis 
10056,,MAIKA:  Fluorescein ulcer test | otitis externa/conjunctivitis 
10057,,MAIKA:  Ear culture/sens. | otitis externa/conjunctivitis 
10058,,MAIKA:  Ear Canal Lavage | otitis externa/conjunctivitis 
10059,,MAIKA:  Convenia Injection | otitis externa/conjunctivitis 
10060,,Bumi:  Pvd (C) Fortiflora Pkg | Canine Papilloma Virus 
10061,,Bumi:  Exam./Office Call/Consultation | Canine Papilloma Virus 
10062,,Bumi:  Anal Glands w/exam | Canine Papilloma Virus 
10063,,Elvira:  Heartworm Check In House | Hypothyroidisim 
10064,,Elvira:  Canine Influenza BIVALENT Annual vx | Hypothyroidisim 
10065,,Elvira:  Lyme Vaccine Annual | Hypothyroidisim 
10066,,Elvira:  Thyro-Tabs 0.4mg Tab | Hypothyroidisim 
10067,,Elvira:  Thyroid MONITORING Profile(MSU)20012  | Hypothyroidisim 
10068,,Elvira:  Recheck/Exam | Hypothyroidisim 
10069,,"Riley Rose:  Gabapentin 300mg | Otitis Externa AU, Dermatitis Focal LH "
10070,,"Riley Rose:  Skin Scraping | Otitis Externa AU, Dermatitis Focal LH "
10071,,"Riley Rose:  Tri Heart Plus 51-100lb Brown | Otitis Externa AU, Dermatitis Focal LH "
10072,,"Riley Rose:  Ear Mite Swab/Test | Otitis Externa AU, Dermatitis Focal LH "
10073,,"Riley Rose:  Mometamax Suspension 15gm | Otitis Externa AU, Dermatitis Focal LH "
10074,,"Riley Rose:  Mal-A-Ket Wipes 50ct | Otitis Externa AU, Dermatitis Focal LH "
10075,,"Riley Rose:  Meloxidyl Oral Susp 1.5mg/ml 32ml | Otitis Externa AU, Dermatitis Focal LH "
10076,,"Riley Rose:  Ear Cleaning | Otitis Externa AU, Dermatitis Focal LH "
10077,,"Riley Rose:  Comprehensive Illness Exam | Otitis Externa AU, Dermatitis Focal LH "
10078,,"Rudy:  Re-examination/consultation | Tylosin for soft stool, appetite stimulant, gastro food "
10079,,"Rudy:  Tylosin Tartrate(compounded)100mg tabs  | Tylosin for soft stool, appetite stimulant, gastro food "
10080,,"Rudy:  Mirtazapine (compounded) 1mg capsules | Tylosin for soft stool, appetite stimulant, gastro food "
10081,,"Rudy:  RC Feline Gastro Moderate Calorie 1.5kg | Tylosin for soft stool, appetite stimulant, gastro food "
10082,,"Rudy:  RC Feline Gastro Moderate Calorie /can | Tylosin for soft stool, appetite stimulant, gastro food "
10083,,Shelby:  Exam/Consult | Dermal Mass 
10084,,Shelby:  GPH Preanesthetic Profile BCl | Dermal Mass 
10085,,Duncan:  RCVD LF Gastro Low Fat K9 17.6lbs | Diarrhea  
10086,,Duncan:  RCVD LF Gastro Low Fat K9 13.6oz | Diarrhea  
10087,,FERGUS:  Quadritop Ointment 15ml Tube (Animax)  |  seasonal allergy meds 
10088,,FERGUS:  APOQUEL16mg Tablets |  seasonal allergy meds 
10089,,Monty:  Re-Exam | Elevated creatinine & Alt 
10090,,Monty:  SDMA | Elevated creatinine & Alt 
10091,,Monty:  Urinalysis-Lab | Elevated creatinine & Alt 
10092,,Sophie:  IDX - Cholesterol | on going claim from bladder stones 
10093,,Sophie:  Blood Collection Fee | on going claim from bladder stones 
10094,,Sophie:  IDX - Triglycerides | on going claim from bladder stones 
10095,,Baby Belle:  Radiograph - Initial View | recheck for bladder stones 
10096,,Baby Belle:  Zeniquin 25mg (Marbofloxacin) | recheck for bladder stones 
10097,,Baby Belle:  Exam - Brief/Recheck | recheck for bladder stones 
10098,,Snowy:  Glandex 70gr | Anal Glands 
10099,,Bowser:  Radiology Single Cavity Multi-View Study | gastritis 
10100,,Bowser:  Idexx Consult Radiology Per Case  | gastritis 
10101,,Bowser:  RC Hydrolyzed Protein HP K9 17.6lb | gastritis 
10102,,Bowser:  Medical Progress Exam | gastritis 
10103,,MAIKA:  Neo Poly Dex Ophthalmic Suspension 5ml | otitis externa/conjunctivitis 
10104,,MAIKA:  EnteDerm Ointment 15ml | otitis externa/conjunctivitis 
10105,,Hailey:  DA2PP Mature | Protein Losing enteropathy 
10106,,Hailey:  Bordetella (Injectable) | Protein Losing enteropathy 
10107,,Hailey:  Canine Wellness Exam | Protein Losing enteropathy 
10108,,Cassie:  FortiFlora K9 30g | gastro upset 
10109,,Harry:  MCRC Feline Adult cans | gastro upset 
10110,,Blondie:  Examination - Follow Up 1 | Painful when touched 
10111,,Blondie:  Clavamox/ Amoxi Clav 125mg #20201 | Painful when touched 
10112,,Blondie:  Radiology - Additional Views | Painful when touched 
10113,,Molly :  PTH/Ionized Calcium S16595 | Labwork 
10114,,Molly :  Vetscreen SA025 | Labwork 
10115,,Hollywood:  Medical Waste Disposal-State Mandated | acl sx  limping  
10116,,Hollywood:  Adequan IM Injection per ml | acl sx  limping  
10117,,Hollywood:  Legend  Joint Lubricant per ml | acl sx  limping  
10118,,Hollywood:  Laser Therapy Treatment | acl sx  limping  
10119,,"REILI:  Apoquel 16mg Tablet |  allergies, joint supplement "
10120,,"REILI:  Dasuquin Adv. Tabs Small/Medium Dogs |  allergies, joint supplement "
10121,,Audrey:  Follow Up - Cardiology | Cardiac Mitrial Valve Disease 
10122,,Audrey:  Radiograph - Initial 2 views | Cardiac Mitrial Valve Disease 
10123,,Smokie:  Hill's K9 I/D Bag 8.5# | Diarrhea 
10124,,Smokie:  Examination | Diarrhea 
10125,,Smokie:  Regulated Medical Waste Disposal Fee | Diarrhea 
10126,,Smokie:  Antibiotic Injection - Ampicillin | Diarrhea 
10127,,Smokie:  Metronidazole 500mg | Diarrhea 
10128,,Smokie:  Anti-Diarrhea Administration - Diagel | Diarrhea 
10129,,Smokie:  Giardia Test - In House | Diarrhea 
10130,,Smokie:  ProPectalin 30cc | Diarrhea 
10131,,Doc:  MCRC K9 Gi Puppy 10kg | Giardia 
10132,,Sammy:  Cefpodoxime 100mg | hot spot  
10133,,Sammy:  Deramaxx 12 mg | hot spot  
10134,,Sammy:  Exam /Office Visit - Sick - Dog/Cat | hot spot  
10135,,Keira:  Cytopoint 40mg injection per vial | allergies 
10136,,Carmella:  Clavamox 375 mg #14 tablet strip #48890 | pyelonephritis 
10137,,Carmella:  Aerobic Culture And Mic | pyelonephritis 
10138,,"Carmella:  Adult Chem, CBC | pyelonephritis "
10139,,Jethro:  X-Ray 2 Full Views & Interpretation  | allergies and coughing 
10140,,Jethro:  Anal Sac Expression | allergies and coughing 
10141,,Jethro:  Exam- Consultation | allergies and coughing 
10142,,Jethro:  Fecal (Antech) T805 | allergies and coughing 
10143,,Jethro:  Trazadone 100mg Tablets | allergies and coughing 
10144,,Camouflage:  XRAY-ADDITIONAL FILMS | cont of care from er visit 
10145,,Camouflage:  Medical Waste Disposal-State Mandated | cont of care from er visit 
10146,,Camouflage:  Centesis - thoracic (chest) | cont of care from er visit 
10147,,Camouflage:  IV Catheter Placement  | cont of care from er visit 
10148,,Camouflage:  Euthanasia Weight 0-15 lbs. | cont of care from er visit 
10149,,Camouflage:  Medical Waste Disposal-State Mandated | cont of care from er visit 
10150,,Camouflage:  Sedative Inj. Pre-Euthanasia Small Do | cont of care from er visit 
10151,,Camouflage:  Chem Profile Blood Tests IH | cont of care from er visit 
10152,,Camouflage:  Cremation Private 0-25 lbs | cont of care from er visit 
10153,,Dakota:  SASHAS BLEND 250G POWDER | Maintain arthritis 
10154,,Chilli:  UbaVet (Floradox) Probiotic 150g | UTI 
10155,,Kira:  Apo Amoxi-Clav 500/125mg | UTI 
10156,,Rosie:  Amoxicillin/Clav   875mg/125mg   (each) | URI - r/o bronchopneumonia 
10157,,Rosie:  IV Fluids (500 - 1500 cc) | URI - r/o bronchopneumonia 
10158,,Rosie:  IV Catheter & Insertion | URI - r/o bronchopneumonia 
10159,,Rosie:  Convenia 2 wk Antibiotic Inj (per lb) | URI - r/o bronchopneumonia 
10160,,Rosie:  Office Visit with Progress Exam  | URI - r/o bronchopneumonia 
10161,,Rosie:  Radiograph/Thoracic Series | URI - r/o bronchopneumonia 
10162,,Rosie:  Convenia 2 wk Antibiotic Inj BUNDLE | URI - r/o bronchopneumonia 
10163,,Rosie:  Proviable DC  30ct | URI - r/o bronchopneumonia 
10164,,Rosie:  PVS STAT CBC | URI - r/o bronchopneumonia 
10165,,RILEY:  Synacore Canine 30 packs | gastroenteritits 
10166,,DINAH:  Medical Progress Exam. | LAMENESS 
10167,,DINAH:  BASELINE/PREOP/NSAID | LAMENESS 
10168,,DINAH:  ADEQUAN 100MG/ML 1 ML : | LAMENESS 
10169,,DINAH:  Venipuncture:blood Collect. | LAMENESS 
10170,,DINAH:  INJ:ADEQUAN | LAMENESS 
10171,,DINAH:  Medical Waste/Osha compliance | LAMENESS 
10172,,DINAH:  LASER THERAPY ORTHOPEDIC PAIN-SINGLE | LAMENESS 
10173,,"DINAH:  Discount - Courtesy,(amount) | LAMENESS "
10174,,"DINAH:  Discount - Courtesy,(amount) | LAMENESS "
10175,,Luna:  Exam - Routine | Kennel Cough 
10176,,Luna:  Nadryl Tab 25mg (Diphenhydramine) | Kennel Cough 
10177,,Piper:  Thyro Tab 0.8mg | hyperthyroidism and metacam  Ongoing blood work for hypothyroidism and monitoring for being on metacm
10178,,Piper:  Metacam 1.5mg 180 mL #2 | hyperthyroidism and metacam  Ongoing blood work for hypothyroidism and monitoring for being on metacm
10179,,"Piper:  T4, Total Thyroid, add on to 4 chemistry | hyperthyroidism and metacam  Ongoing blood work for hypothyroidism and monitoring for being on metacm"
10180,,Piper:  Medical Progress Examination | hyperthyroidism and metacam  Ongoing blood work for hypothyroidism and monitoring for being on metacm
10181,,FINLEY:  SOFT TISSUE SURGICAL FEE 10min | Lump removal  
10182,,FINLEY:  Prophy | Lump removal  
10183,,FINLEY:  INJECTION SA IM/SQ (ADDIT) | Lump removal  
10184,,FINLEY:  ANESTHESIA (ISO PER 10 MIN) | Lump removal  
10185,,FINLEY:  ANESTHESIA (LOCAL) SA | Lump removal  
10186,,FINLEY:  Rheumocam Injectable 20 mL - meloxicam | Lump removal  
10187,,FINLEY:  Meloxicam Oral Per mL | Lump removal  
10188,,FINLEY:  Elizabethan Collar 30cm  | Lump removal  
10189,,FINLEY:  Biopsy w/Microscopic Description (1) | Lump removal  
10190,,Cooper:  Discount: BORDETELLA (INJECTABLE) 6 month | EYE 
10191,,Cooper:  MEDICAL EXAMINATION | EYE 
10192,,Cooper:  BORDETELLA (INJECTABLE) 6 months | EYE 
10193,,Cooper:  Neo-Poly-Dex Ophth Suspension | EYE 
10194,,Cooper:  FLUORESCEIN STAIN - UNILATERAL | EYE 
10195,,Cooper:  Biohazard Waste Removal Fee | EYE 
10196,,Cooper:  INFLUENZA BIVALENT VACCINE #1 | EYE 
10197,,Cooper:  Discount: INFLUENZA BIVALENT VACCINE #1 | EYE 
10198,,Rudy:  Fecal Antigen Profile (Flotation) IDEXX | Fecal Analysis & ProBiotics 
10199,,Rudy:  Purina Fortiflora Feline 30x1g | Fecal Analysis & ProBiotics 
10200,,Libbie:  Cytology - In House | Lump on hind leg 
10201,,Libbie:  Exam  / Consultation | Lump on hind leg 
10202,,Libbie:  Fine Needle Aspirate | Lump on hind leg 
10203,,Scarlet:  Professional Consultation | Xylitol ingestion 
10204,,Scarlet:  OSHA Compliance Fee | Xylitol ingestion 
10205,,Scarlet:  Apomorphine 1mg/ml Solution Per ml | Xylitol ingestion 
10206,,BeBe:  Apoquel 3.6 mg tablets | Mild Allergy 
10207,,Simon:  Hills Feline c/d Multi Chicken 8.5# dry | Mild Allergy 
10208,,Migo:  Office Exam | Diarrhea/Vomiting 
10209,,Meeko:  Medical Progress Examination | Limping 
10210,,Meeko:  Radiograph ( x-ray ) Digital Addt'l View | Limping 
10211,,Meeko:  t/d  4 lb dry | Limping 
10212,,Statement handling fee | Limping 
10213,,Miss Britain:  1-30 Min.Cons & Wellness-Under 8 Yr | Osteochondrosis 
10214,,Miss Britain:  Anal Glands - Exam Add On | Osteochondrosis 
10215,,Luna:  Advantage Multi Red Canine 9.1 - 25kg | Coughing  
10216,,Luna:  Recheck Exam | Coughing  
10217,,Luna:  Tobrex Ophtho 0.3% Suspension 5ml | Coughing  
10218,,CRUZE:  CARPROFEN F/TAB SINGLE 100MG  | TORN CRACKED TOE NAIL 
10219,,CRUZE:  NAIL TRIM REGULAR | TORN CRACKED TOE NAIL 
10220,,Penny:  RC K-9 Dental 3.5kg | sore L hind  
10221,,Penny:  Gabapentin 100mg/ml Oral | sore L hind  
10222,,Penny:  Examination/Consultation | sore L hind  
10223,,Blue:  Private Cremation 3 | cough lethergy and decreased appetite 
10224,,Blue:  Exam/Consultation  Recheck (within 30 days) | cough lethergy and decreased appetite 
10225,,Jazz:  CET Enzymatic Toothpaste Poultry 70g CET101 | Physical exam for traveling  
10226,,Jazz:  CET Bulk Dispenser Pet Toothbrush Each CET3 | Physical exam for traveling  
10227,,Jazz:  CET Tartar Control Toothpaste Seafood 70g C | Physical exam for traveling  
10228,,Jazz:  Exam/Consultation    Well Patient | Physical exam for traveling  
10229,,Oliver:  Comprehensive Illness Exam | conjuntavitis and kennel cough 
10230,,Oliver:  Fluorescein Stain | conjuntavitis and kennel cough 
10231,,Oliver:  Neopolybac Ophthalmic Ointment 3.5g | conjuntavitis and kennel cough 
10232,,Oliver:  Doxycyline 100mg | conjuntavitis and kennel cough 
10233,,Annie:  Cyproheptadine 4mg Tabs | weight loss  
10234,,Annie:  Specialist Recheck | weight loss  
10235,,Annie:  Basic Panel - IN HOUSE | weight loss  
10236,,Annie:  Blood Draw | weight loss  
10237,,Annie:  Discount: Blood Draw | weight loss  
10238,,Annie:  Discount: Basic Panel - IN HOUSE | weight loss  
10239,,Annie:  Chlorambucil 1.2mg Capsules | weight loss  
10240,,Annie:  Prednisolone 5mg | weight loss  
10241,,Beaux :  Medical Waste Disposal Fee - Outpatient  | Vomiting  Intestinal parasite screen and Lab work
10242,,Beaux :  Bordetella Vaccination Oral  1 Year | Vomiting  Intestinal parasite screen and Lab work
10243,,Beaux :  Lifetime Care Exam - Canine Health  | Vomiting  Intestinal parasite screen and Lab work
10244,,Beaux :  Lifelab - Ova and Parasit (Prevent Well) | Vomiting  Intestinal parasite screen and Lab work
10245,,Beaux :  ANTECH - Superchem / CBC / T4 / HW | Vomiting  Intestinal parasite screen and Lab work
10246,,Libbie:  Cytology - In House | Lump on hind leg 
10247,,Libbie:  Exam  / Consultation | Lump on hind leg 
10248,,Libbie:  Fine Needle Aspirate | Lump on hind leg 
10249,,Penny:  Gabapentin 100mg/ml Oral | sore L hind 
10250,,Penny:  Examination/Consultation | sore L hind 
10251,,Penny:  RC K-9 Dental 3.5kg | sore L hind 
10252,,Axel:  Examination-Consultation | Bladder Stones  
10253,,Axel:  Hills K9 HYPOallergenicTreats 340g | Bladder Stones  
10254,,Axel:  RC K9 Urinary SO Mod Calorie 8kg RX | Bladder Stones  
10255,,Ginger:  Oncology Chemotherapy Recheck | Chemotherapy Recheck 
10256,,Bella:  Apoquel Tablet 5.4mg | alleviate itching and inflammation 
10257,,Bruno:  Tramadol tablets 50mg | refill meds 
10258,,Bruno:  Anal Gland Assessment | refill meds 
10259,,Bruno:  Dispensing fee | refill meds 
10260,,Oliver:  VS CBC T4 UA SA037 | Chemotherapy Recheck 
10261,,Oliver:  Oncology Chemotherapy Recheck | Chemotherapy Recheck 
10262,,Dude:  Dental-Exam/Probe/ Chart  | Lumpectomy and Dental  
10263,,Dude:  Anal Gland Expressed (add on) | Lumpectomy and Dental  
10264,,Stella:  Mirtazapine 15 mg #9712 | hairloss 
10265,,Stella:  Thyroid Confirmation Panel Add On | hairloss 
10266,,Stella:  HealthChek | hairloss 
10267,,Bogart:  K9 Hills Metabolic+Mobility 24lb | hairloss 
10268,,Graycie:  CANINE DA2P/4L Vaccine | uti 
10269,,Graycie:  Simplicef (cefpodoxime proxetil) 100 mg | uti 
10270,,Graycie:  URINALYSIS COMPLETE | uti 
10271,,Graycie:  DEWORMING/HOOKS AND ROUNDS | uti 
10272,,Graycie:  BIO HAZARD WASTE FEE | uti 
10273,,"Moka:  Dolpac Dewormer Blue #10 | Lethargy, anorexia, soft stool "
10274,,"Moka:  Examination-Wellness (adult) annual | Lethargy, anorexia, soft stool "
10275,,Nox Padfoot:  Annual Wellness Exam | Anxiety 
10276,,Nox Padfoot:  Canine Bordetella Oral Annual | Anxiety 
10277,,Nox Padfoot:  Acepromazine 25 mg | Anxiety 
10278,,Nox Padfoot:  Canine Leptospirosis - Annual | Anxiety 
10279,,Nox Padfoot:  Alprazolam 1.0mg (tablet) | Anxiety 
10280,,Chewbacca:  Apoquel 16mg tablet | ear infection 
10281,,Chewbacca:  Medical waste Fee | ear infection 
10282,,Chewbacca:  Mometamax 15g | ear infection 
10283,,Chewbacca:  Examination / Consultation | ear infection 
10284,,Bailey:  Nail Trim Canine | allergies 
10285,,Bailey:  CADI (Cytopoint) 40.1-60lb OPINJ | allergies 
10286,,Tiger:  Hills K9 Hypo Treats | Cartrophen 
10287,,Tiger:  VeggieDent Fresh Medium Chews 30 | Cartrophen 
10288,,Duckie:  Apoquel tabs 5.4mg  | Apoquel & Zentonil Refill 
10289,,Duckie:  Zentonil Advanced 200mg (30 tabs) | Apoquel & Zentonil Refill 
10290,,Cara:  Milbemax 16mg (Adult) | Resolving URI 
10291,,Cara:  Kitten Wellness Exam | Resolving URI 
10292,,Cara:  Fecal Flotation | Resolving URI 
10293,,"Mandoo:  Conzol (Miconazole Nitrate) 1%, 60 ml | hip issues, mass on nose "
10294,,"Mandoo:  Rimadyl 100 mg Chew Tab | hip issues, mass on nose "
10295,,"Mandoo:  Fluconazole 100 mg. Tablet | hip issues, mass on nose "
10296,,"Mandoo:  Malaseb Shampoo, 16 oz | hip issues, mass on nose "
10297,,Macy:  PPVD DRM Dermatologic Mgmt Nat K9 25lb 1761 | Skin 
10298,,Macy:  Douxo Calm Shampoo 6.8oz/200mL | Skin 
10299,,Macy:  Exam/Consultation Brief Ear/Skin Recheck | Skin 
10300,,Macy:  PreOp CBC T4 UA SA920 | Skin 
10301,,Macy:  Douxo Calm Micro Emulsion Spray 6.8oz/200mL | Skin 
10302,,Macy:  Apoquel (Oclacitinib) 16mg Tab DISPCHR | Skin 
10303,,Lily:  FortiFlora Canine Probiotic Supplement 30pk | Pancreatitis 
10304,,Lily:  RCVD GI Low Fat K9 13.6z/385g x 12 Cs 47071 | Pancreatitis 
10305,,Robbie:  Exam/Consultation    Well Patient | High ALT levels on previous BW 
10306,,Robbie:  NSAID #1 SA810 | High ALT levels on previous BW 
10307,,"LOTTIE:  DHLPP 3yr  | Hip Dysplasia, Patellar Luxation, allergic reaction, dermatitis "
10308,,"LOTTIE:  Diphenhydramine Inj (per mL) | Hip Dysplasia, Patellar Luxation, allergic reaction, dermatitis "
10309,,"LOTTIE:  Apoquel 3.6mg Tablets | Hip Dysplasia, Patellar Luxation, allergic reaction, dermatitis "
10310,,"LOTTIE:  Injection Fee; Patient Provided Med | Hip Dysplasia, Patellar Luxation, allergic reaction, dermatitis "
10311,,Kali:  Famotidine 10mg tab | Vomiting  
10312,,YULIES:  Benazepril 10 mg #80821 | HEART 
10313,,YULIES:  Theophylline Slow Release 100 mg #80822 | HEART 
10314,,Jaz:  Vitamin B12 (gen) 1000mcg/mL/mL DISPMED | injection for Cartrophen and B12 
10315,,Lulu:  Discount: Radiograph Additional View | Lameness 
10316,,Lulu:  Radiograph Additional View | Lameness 
10317,,Lulu:  PVD Canine JM 8.16kg | Lameness 
10318,,Lulu:  Radiologist to Review Radiograph | Lameness 
10319,,Lulu:  Discount: Sedation w/Cepetor & Reversal <20 | Lameness 
10320,,Lulu:  Metacam Oral Susp 32ml  | Lameness 
10321,,Lulu:  Stat add-on within 1 hour  | Lameness 
10322,,Lulu:  Discount: Stat add-on within 1 hour  | Lameness 
10323,,Lulu:  Radiograph Set Up/Up to 3  View Study | Lameness 
10324,,Lulu:  Hospitalization - Kennel Fee | Lameness 
10325,,Lulu:  Discount: Radiograph Set Up/Up to 3  View S | Lameness 
10326,,Lulu:  Discount: Hospitalization - Kennel Fee | Lameness 
10327,,Lulu:  Sedation w/Cepetor & Reversal <20Kg | Lameness 
10328,,Lulu:  Discount: Radiologist to Review Radiograph | Lameness 
10329,,Bruno:  Discount: Examination Office Visit | Broken Dewclaw 
10330,,Bruno:  Chlorahex Solution 4oz | Broken Dewclaw 
10331,,Bruno:  Amoxicillin Cap 500 mg | Broken Dewclaw 
10332,,Bruno:  Examination Office Visit | Broken Dewclaw 
10333,,Duke:  Examination - Quick Recheck |  Pneumonia/Chronic Valve Disease 
10334,,Duke:  IDEXX Lab 4DxÂ® Plus Screen-Canine (S |  Pneumonia/Chronic Valve Disease 
10335,,Brodie:  Xiao Chai Hu Jia Quin Jiao..hip and knee | Left capital physeal fracture-sore today; vomiting and diarrhea 
10336,,Bailey:  Thyro Tabs - 0.8mg | Allergies/ Thyroid  
10337,,Bailey:  Thyro Tabs - 0.1mg | Allergies/ Thyroid  
10338,,Lincoln:  Chiropractic Unit with exam | Small meibomian gland cyst R upper eyelid w/ PAS blood work 
10339,,Lincoln:  Dolpac Dewormer Red #2 | Small meibomian gland cyst R upper eyelid w/ PAS blood work 
10340,,Lincoln:  General Panel Plus & UA - canine | Small meibomian gland cyst R upper eyelid w/ PAS blood work 
10341,,Lincoln:  Examination-Wellness (adult) annual | Small meibomian gland cyst R upper eyelid w/ PAS blood work 
10342,,Husky :  Hill's T/D Canine Regular Bites 11.3kg | Allergies 
10343,,Husky :  Apoquel 16mg - per tablet | Allergies 
10344,,Bella:  Re-Check (Minor) | Otitis Externa 
10345,,Bella:  Osurnia Ear Dps 1ml | Otitis Externa 
10346,,Lincoln:  Examination-Wellness (adult) annual | Sore midback  
10347,,Lincoln:  General Panel Plus & UA - canine | Sore midback  
10348,,Lincoln:  Dolpac Dewormer Red #2 | Sore midback  
10349,,Lincoln:  Chiropractic Unit with exam | Sore midback  
10350,,Emma:  Medical Progress Exam K9 | tail amputation  
10351,,Emma:  *Cimetidine Tabs 200mg | tail amputation  
10352,,Milo:  Rayne Canine Low Fat Kangaroo Maintenance 7 | Pruritus; food is novel protein trial  
10353,,Milo:  Exam/Consultation  Recheck (within 30 days) | Pruritus; food is novel protein trial  
10354,,Milo:  CADI (Cytopoint) 20mg/mL/VIAL OPINJ | Pruritus; food is novel protein trial  
10355,,Chester:  Exam/Consultation    Well Patient | teary eye and labored breathing 
10356,,Chester:  RAD Thorax 1-2 Views | teary eye and labored breathing 
10357,,Chester:  Fluorescein Stain FDT | teary eye and labored breathing 
10358,,Chester:  Ofloxacin (gen) 0.3% OphS 5mL DISPMED | teary eye and labored breathing 
10359,,Chester:  FVRCP Vaccine 1yr | teary eye and labored breathing 
10360,,Chester:  AIS Radiology Interpretation | teary eye and labored breathing 
10361,,Chester:  Exam/Consultation CareClub | teary eye and labored breathing 
10362,,Buddy:  Heartgard Plus Chew. Blue Tab | coprophagia 
10363,,Buddy:  NexGard Chew Tab Medium 10.1-24# | coprophagia 
10364,,Buddy:  Forbid  | coprophagia 
10365,,"Muni:  Onsior Canine 40mg- 28 tab | Sore Left Eye  All treatments for eye, except for Onsior for ear"
10366,,"Muni:  Osurnia Otic Gel | Sore Left Eye  All treatments for eye, except for Onsior for ear"
10367,,"Muni:  Sedation- Dexdomitor/Anitsedan Catheter | Sore Left Eye  All treatments for eye, except for Onsior for ear"
10368,,"Muni:  Hospitalization Canine >20kg <4hr | Sore Left Eye  All treatments for eye, except for Onsior for ear"
10369,,"Muni:  Keratotomy, Grid/15min | Sore Left Eye  All treatments for eye, except for Onsior for ear"
10370,,"Muni:  Vigamox Opth. Drops 0.5% | Sore Left Eye  All treatments for eye, except for Onsior for ear"
10371,,"Nox:  Office Exam, Final Puppy Visit | Wellness "
10372,,Nox:  Rabies - Canine - 1 Year | Wellness 
10373,,"Nox:  Leptospirosis Vaccine, Annual Booster | Wellness "
10374,,"Nox:  OSHA Compliance Fee (Inj, lab work, etc) | Wellness "
10375,,Nox:  DHPP Final Puppy Vaccine | Wellness 
10376,,Nox:  Revolution Canine 40.1-85 lb dose #10224 | Wellness 
10377,,Zoie:  Enrofloxacin 22.7mg | UTI 
10378,,Wendell:  Fenbendazole (Panacur) 22.2%/g DISPMED | giardia 
10379,,Wendell:  PREPAID Fecal Test O&P T805 | giardia 
10380,,Max:  Emergency Department Examination | Bloody Stool 
10381,,Max:  PPVD Fortiflora Canine | Bloody Stool 
10382,,Stella:  Recheck/Exam | Investigation of alopecia likely due to steroid use for colitis 
10383,,Stella:  Rayne K9 Sensitive GI Turkey Tin | Investigation of alopecia likely due to steroid use for colitis 
10384,,Murphy:  Cytology Skin IHLAB | Hot spot 
10385,,Murphy:  PD d/d K9 Potato & Venison 8lb 5348 | Hot spot 
10386,,Murphy:  Cefpodoxime (Simplicef) 200mg Tab DISPMED | Hot spot 
10387,,Murphy:  Adaptil DAP Collar Md/Lg | Hot spot 
10388,,Murphy:  Prednisone (gen) 5mg Tab DISPMED | Hot spot 
10389,,Murphy:  Exam/Consultation   Medical Condition | Hot spot 
10390,,Louis:  Tobradex Ointment 3.5g | Upper respiratory infection  
10391,,Louis:  Recheck - Progress Exam (major) | Upper respiratory infection  
10392,,GRACIE:  Lab Fecal DX - Ova/Parasite and Giardia | recheck of liver values 
10393,,GRACIE:  DACVR Consult Priority  | recheck of liver values 
10394,,GRACIE:  Office Visit - Medical Progress | recheck of liver values 
10395,,GRACIE:  X-Ray Digital  3  View  | recheck of liver values 
10396,,Brisk:  Otomax Ointment - 30g Tube | Z/D food for possilbe food allergy  
10397,,Brisk:  Examination | Z/D food for possilbe food allergy  
10398,,Brisk:  Hills K9 - Z/D Ultra - 17.6lbs | Z/D food for possilbe food allergy  
10399,,Brisk:  Ear Swab & Cytology | Z/D food for possilbe food allergy  
10400,,Mosley:  Sasha's Blend Flexi-Bites - 200g | Z/D food for possilbe food allergy  
10401,,Bruno:  Tramadol tablets 50mg | refill meds 
10402,,Bruno:  Dispensing fee | refill meds 
10403,,Ryeli:  Hills Canine i/d Turkey Can | Dewclaw and deciduous teeth removal 
10404,,Gunther:  Galliprant 60mg #157063 | Refill Galliprant 
10405,,Gunther:  Galliprant 60mg #157064 | Refill Galliprant 
10406,,Brisk:  Otomax Ointment - 30g Tube | Joint Supplement 
10407,,Brisk:  Ear Swab & Cytology | Joint Supplement 
10408,,Brisk:  Examination | Joint Supplement 
10409,,Mosley:  Sasha's Blend Flexi-Bites - 200g | Joint Supplement 
10410,,Brisk:  Hills K9 - Z/D Ultra - 17.6lbs | Joint Supplement 
10411,,Adelle:  Blood Pressure Vet HDO | Cancer  
10412,,Adelle:  Injection Owner Brings Medication | Cancer  
10413,,Adelle:  PCV (Packed Cell Volume) and TP | Cancer  
10414,,Adelle:  Metabolic Workup In House | Cancer  
10415,,Adelle:  Cerenia Per ml | Cancer  
10416,,Adelle:  Chemotherapy Administration Oral | Cancer  
10417,,Adelle:  CBC Blood Film Evaluation | Cancer  
10418,,Adelle:  Fluids Subcutaneous <250 ml | Cancer  
10419,,Adelle:  Biomedical Hazard Fee | Cancer  
10420,,Slippers:  Nail Care Canine Professional | Duralactin 
10421,,Slippers:  Duralactin Soft Chew K9 90ct | Duralactin 
10422,,Ruby:  Panacur - Small Animal (10 day) | Giardia 
10423,,Ruby:   Ova & Parasites w/Giardia (ELISA) | Giardia 
10424,,Ruby:  Metronidazole 250mg (Flagyl) | Giardia 
10425,,Heisenberg:  Exam/Consultation    Well Patient | Limping. (gabapentin) 
10426,,Heisenberg:  Gabapentin (gen) 50mg/mL/mL CMP DISPM | Limping. (gabapentin) 
10427,,Heisenberg:  FVRCP Vaccine 1yr | Limping. (gabapentin) 
10428,,Hallie:  Ascenta Omega 3 500ml Dog #60331 | Joint supplements 
10429,,Hallie:  Dasuquin w/MSM Large Dog Chews x84tabs # | Joint supplements 
10430,,Hallie:  Sashas Blend Powder  250gr #55733 | Joint supplements 
10431,,"Lincoln:  MRI | shallow breathing, neurologically inappropriate, stiffness/rigid "
10432,,"Lincoln:  Anesth Gas/Monitoring 15 min | shallow breathing, neurologically inappropriate, stiffness/rigid "
10433,,"Lincoln:  CSF Analysis with Cytology - Antech | shallow breathing, neurologically inappropriate, stiffness/rigid "
10434,,"Lincoln:  Fluids - Surgical | shallow breathing, neurologically inappropriate, stiffness/rigid "
10435,,"Lincoln:  Cytarabine 1g (10mL) Vial per mL | shallow breathing, neurologically inappropriate, stiffness/rigid "
10436,,"Lincoln:  Cytosar Administration | shallow breathing, neurologically inappropriate, stiffness/rigid "
10437,,"Lincoln:  Chem 10 Clip w/ CBC - Procyte | shallow breathing, neurologically inappropriate, stiffness/rigid "
10438,,"Lincoln:  Anesthetic Induction - IV Cath | shallow breathing, neurologically inappropriate, stiffness/rigid "
10439,,"Lincoln:  Chemotherapy Safety System PhaSeal | shallow breathing, neurologically inappropriate, stiffness/rigid "
10440,,"Lincoln:  MRI - Reading Fee  | shallow breathing, neurologically inappropriate, stiffness/rigid "
10441,,Olive:  Induce Emesis (vomiting) | Ingested Butter/ Foriegn Body  
10442,,Olive:  Medical Waste Disposal | Ingested Butter/ Foriegn Body  
10443,,Olive:  Zofran (Ondansetron) Injection 2mg/ml | Ingested Butter/ Foriegn Body  
10444,,Olive:  Professional Consult - Inpatient | Ingested Butter/ Foriegn Body  
10445,,Olive:  Cerenia Injectable 10mg/ml (Maropitant) | Ingested Butter/ Foriegn Body  
10446,,Olive:  Fluid Therapy SQ | Ingested Butter/ Foriegn Body  
10447,,Loui:  Office Visit - Sick/Injured | vomiting & Diarrhea 
10448,,Loui:  Heartgard Plus Green 26-50lb | vomiting & Diarrhea 
10449,,Charlie:  Injection - IM/SQ Additional | Monthly in-clinic Cathrophen injections. 
10450,,Wendy:  Metacam - 10 ml | Interdigital dermatitis/Broken nail 
10451,,Wendy:  Examination/Consultation  | Interdigital dermatitis/Broken nail 
10452,,Wendy:  Elizabethan Collar 25cm | Interdigital dermatitis/Broken nail 
10453,,Phoenix:  Exam/Consultation  Recheck (within 30 da | Conjunctivitis 
10454,,Phoenix:  Meloxicam (gen) K9 1.5mg/mL/10mL DISPMED | Conjunctivitis 
10455,,Phoenix:  Fluorescein Stain FDT | Conjunctivitis 
10456,,Phoenix:  Tobramycin (gen) 0.3% OphS 5mL DISPMED | Conjunctivitis 
10457,,Ginger:  Office Call | Rash/itching 
10458,,Ginger:  Heartgard 51-100lbs #2361 | Rash/itching 
10459,,"Ava:  Examination-Consultation | Jaw Chattering, Intermittent RFL Lameness "
10460,,Penelope:  Ursodiol 12.5mg/Carnitine&Taurine 125mg | pancreatitis maintenance 
10461,,Penelope:  Zentonil Advanced 100 mg tablets | pancreatitis maintenance 
10462,,Arnold:  Cytopoint 20mg MULTIPLE VIALS | cytopoint inj for skin  
10463,,Arnold:  Cytopoint 40mg MULTIPLE VIALS | cytopoint inj for skin  
10464,,"Riley:  Allergy TX Sublingal | vomiting,diarrhea,decreased appetite and now ear infection "
10465,,"Riley:  Allergy TX Sublingal | vomiting,diarrhea,decreased appetite and now ear infection "
10466,,Ella:  D/D K9 Pot & Venision 17.6# (5342) | otitis externa/allergies 
10467,,Ella:  Ear Cleaning Single Ear | otitis externa  
10468,,Ella:  Exam/Consultation Canine/Feline | otitis externa  
10469,,Ella:  Ear Cytology - in house | otitis externa  
10470,,Ella:  Mometamax (15gm Bottle) | otitis externa  
10471,,Poppy:  Sensitivity VR Feline VCN - Cans | Decreased appetite 
10472,,Riddle:  ACTH Response Test - One Pre/One Post | Decreased appetite 
10473,,Poppy:  Litter Odourlock Unscented - 12kg | Decreased appetite 
10474,,Riddle:  Random Cortisol | Decreased appetite 
10475,,Riddle:  Cortrosyn Injection - 1ml | Decreased appetite 
10476,,Poppy:  d/d Venison Feline Hills - 1.5kg | Decreased appetite 
10477,,Zena:  Blood Pressure Assessment | blood pressure 
10478,,Opie:  AmoxiClav (Clavaseptin) 500mg Tab DISPMED | Leaking anal glands 
10479,,Opie:  Sedation Level 1 | Leaking anal glands 
10480,,Mufasa:  Vitamin B-12 Injection | vomiting 
10481,,Mufasa:  Subcutaneous Fluids | vomiting 
10482,,Mufasa:  Hill's Feline - i/d - 5.5 oz can | vomiting 
10483,,Mufasa:  Pepcid (famotidine) 10mg/mL Injection | vomiting 
10484,,Mufasa:  Cerenia 10 mg/mL Injection | vomiting 
10485,,Mufasa:  Hill's Feline/K9 - a/d - 5.5 oz. can | vomiting 
10486,,CHARLIE:  RABIES CANINE 3 YEAR BOOSTER | SEIZURE 
10487,,CHARLIE:  SENIOR SCREEN | SEIZURE 
10488,,CHARLIE:  EXAMINATION SENIOR PET | SEIZURE 
10489,,CHARLIE:  CYSTOCENTESIS | SEIZURE 
10490,,Sora:  Dexamethasone Injection 5mg/ml | distended anal glands/ vulva edema  
10491,,Sora:  Convenia Injection | distended anal glands/ vulva edema  
10492,,Sora:  Physical Examination/Office Visit | distended anal glands/ vulva edema  
10493,,Sora:  Fecal Smear/Cytology | distended anal glands/ vulva edema  
10494,,Sophie:  Physical Examination/Office Visit | distended anal glands/ vulva edema  
10495,,Sora:  Baytril Injection 50mg/ml | distended anal glands/ vulva edema  
10496,,Sora:  Anal Glands Expressed | distended anal glands/ vulva edema  
10497,,Peanut:  Subcutaneous Fluids | Constipation? Pancreatitis? Ileus? Hepatic/renal insufficiency? 
10498,,Peanut:  Tramadol 10mg HCL Tablet each | Constipation? Pancreatitis? Ileus? Hepatic/renal insufficiency? 
10499,,Peanut:  Ranitidine 10mg/ml - 1ml | Constipation? Pancreatitis? Ileus? Hepatic/renal insufficiency? 
10500,,Peanut:  Radiograph 1st. | Constipation? Pancreatitis? Ileus? Hepatic/renal insufficiency? 
10501,,Peanut:  Consultation - Canine | Constipation? Pancreatitis? Ileus? Hepatic/renal insufficiency? 
10502,,"Doc:  Examination Recheck | not eating, vomiting "
10503,,Arnold:  Progut Plus Oral Powder 180g | RX REFILL 
10504,,Arnold:  FORBID 8g | RX REFILL 
10505,,Sales Tax | Vomiting 
10506,,Goliath:  Exam/Consultation   Medical Condition | Vomiting 
10507,,Goliath:  TBF UA O&PCmb SA770 | Vomiting 
10508,,Goliath:  PD i/d Fel 5.5oz Cs 4628 | Vomiting 
10509,,Osito:  Urinalysis (complete) | r/o UTI 
10510,,Sugar:  RX Vitamins Renal Canine Caps 120 | Heart Supplements 
10511,,Oakley:  TBF UA SA705 | Bloodwork for dental 
10512,,Oakley:  RCVD Hypo HP Sm Breed K9 8.8lb/4kg 476888 | Bloodwork for dental 
10513,,Davey:  US Guided Cystocentesis | Wellness 
10514,,Davey:  TBF UA O&PCmb SA770 | Wellness 
10515,,Piper:  Radiographs - First Two Views | sudden sickness - vomiting multiple times 
10516,,Piper:  Blood collection fee | sudden sickness - vomiting multiple times 
10517,,Piper:  Famotidine-Teva(20mg) tab | sudden sickness - vomiting multiple times 
10518,,Piper:  Cerenia Inj/ ml | sudden sickness - vomiting multiple times 
10519,,Piper:  Chemistry/CBC | sudden sickness - vomiting multiple times 
10520,,Piper:  Sulcrate-Novo 1 gram/tab | sudden sickness - vomiting multiple times 
10521,,Piper:  Pancreatic Lipase - Snap CANINE | sudden sickness - vomiting multiple times 
10522,,Piper:  Examination - Consultation - Standard | sudden sickness - vomiting multiple times 
10523,,Bruiser:  Meloxicam Oral Susp. 32ml (APO) | Medication for HOD (Hypertrophic Osteodystrophy) 
10524,,Bruiser:  Dispensing Fee (Attachment Only) | Medication for HOD (Hypertrophic Osteodystrophy) 
10525,,Charlie:  +Canine Wellness w/O&P (W) | Eye 
10526,,Charlie:  Canine Influenza Virus Bivalent - Annual | Eye 
10527,,Charlie:  Exam - Comprehensive Preventive Care | Eye 
10528,,Charlie:  Leptospirosis Vaccine- Annual (1yr) | Eye 
10529,,Charlie:  Neo-Poly-Dex Opth Soln 5ml | Eye 
10530,,Charlie:  Sentinel White (51-100) 12pk | Eye 
10531,,Charlie:  Eye Fluorescein Stain | Eye 
10532,,Charlie:  Bordetella Intranasal | Eye 
10533,,Bubba:  Examination Office Visit | polyuria/inappropriate urination; bilateral mpl  
10534,,Bubba:  Cosequin Sprinkle Caps 132 ct | polyuria/inappropriate urination; bilateral mpl  
10535,,Bubba:  Discount: Examination Office Visit | polyuria/inappropriate urination; bilateral mpl  
10536,,Peanut:  Proviable Tablets 80 ct | bloodwork for removal of broken tooth 7/21/18 
10537,,Peanut:  HILLS I/D CANINE CHICKEN STEW 12.5 OZ | bloodwork for removal of broken tooth 7/21/18 
10538,,Tilly:  EXAMINATION - Medical/Surgical | Diahrrea and Gastro-enteritis 
10539,,Tilly:  Inj 1 Unit Cerenia 10mg/ml | Diahrrea and Gastro-enteritis 
10540,,Tilly:  Apo Metronidazole 250mg | Diahrrea and Gastro-enteritis 
10541,,"Tilly:  Injection, Famotidine | Diahrrea and Gastro-enteritis "
10542,,Buddy Oliver:  Fecal with giardia elisa | diarrhea 
10543,,Luna:  LASER- THERAPY POST SURGICAL  | Spay procedure 
10544,,Luna:  EXAMINATION | Spay procedure 
10545,,Daisy:  Veterinary Consultation | GI upset 
10546,,Tilly:  Sulcrate Suspension Plus 1g/5 mL | Diahrrea and Gastro-enteritis 
10547,,"Tilly:  Injection, Famotidine | Diahrrea and Gastro-enteritis "
10548,,Tilly:  Med Can Hypo HP 3.5kg | Diahrrea and Gastro-enteritis 
10549,,Pepper:  Apoquel 3.6mg | Allergic Dermatitis/Anxiety 
10550,,Pepper:  Heartgard Plus Chews 26-50 lbs 6-Pack | Allergic Dermatitis/Anxiety 
10551,,Pepper:  Fluoxetine (prozac) 10 mg cap | Allergic Dermatitis/Anxiety 
10552,,Pepper:  Simparica 22.1-44 lb 6 pack | Allergic Dermatitis/Anxiety 
10553,,Banjo:  Tacrolimus (Oil) 0.02% 10 ml | Med for Eye issue 
10554,,Pippin:  Mirtazapine 15mg | medication 
10555,,Lola:  Urinalysis Complete-In House | Leaking urine 
10556,,Lola:  Office Visit And Examination | Leaking urine 
10557,,Lola:  CLAVAMOX TABS 125mg | Leaking urine 
10558,,Lola:  Culture And Sensitivity-In House | Leaking urine 
10559,,Theo:  Cefpodoxime (Simplicef) 100mg Tab DISPMED | Eye Laceration 
10560,,Theo:  Ophthalmology Consultation Recheck Brief | Eye Laceration 
10561,,BELLA:  OFFICE VISIT - STANDARD | ALLERGIES  
10562,,BELLA:  DEPO-MEDROL 20MG/ML-ADMINISTERED | ALLERGIES  
10563,,BELLA:  DOUXO CHLORHEX PS MOUSSE | ALLERGIES  
10564,,BELLA:  ALLERGY IgE PRELIMINARY SCREENING | ALLERGIES  
10565,,Teala:  Syr Ins Caninsulin U40 1mL 28Gx0.5in 100ct | diabetes  
10566,,Teala:  Insulin (Caninsulin) U40 10mL DISPCHR | diabetes  
10567,,"Stella:  Office Examination | vague illness/restless open diagnosis.  Stella has been eating slowly, asking to go outside more frequently, having trouble settling to sleep at night. Examination unremarkable other than foul odour to hind end and full anal glands. May require additional work-up next week."
10568,,"Stella:  Anal Glands with examination | vague illness/restless open diagnosis.  Stella has been eating slowly, asking to go outside more frequently, having trouble settling to sleep at night. Examination unremarkable other than foul odour to hind end and full anal glands. May require additional work-up next week."
10569,,Lincoln:  Sucralfate (gen) 200mg/mL/mL DISPMED | Diarrhea 
10570,,"Oreo:  Workup Metabolic Idexx | Entropion Entropion repair surgery: Pre-surgical blood-work for Entropion surgery. Disregard exam fee and prevention products, please call with any questions at 952-884-8248- Jackie "
10571,,"Oreo:  Biomedical Hazard Fee | Entropion Entropion repair surgery: Pre-surgical blood-work for Entropion surgery. Disregard exam fee and prevention products, please call with any questions at 952-884-8248- Jackie "
10572,,"Oreo:  Exam Wellness | Entropion Entropion repair surgery: Pre-surgical blood-work for Entropion surgery. Disregard exam fee and prevention products, please call with any questions at 952-884-8248- Jackie "
10573,,"Oreo:  Heartgard Plus 0-25 lb Blue | Entropion Entropion repair surgery: Pre-surgical blood-work for Entropion surgery. Disregard exam fee and prevention products, please call with any questions at 952-884-8248- Jackie "
10574,,"Oreo:  NexGard 10.1-24 lb Blue | Entropion Entropion repair surgery: Pre-surgical blood-work for Entropion surgery. Disregard exam fee and prevention products, please call with any questions at 952-884-8248- Jackie "
10575,,Bella:  Antisedan 10ml inj. - Reversal Agent | Acute Lameness 
10576,,Bella:  Butorphanol Torbugesic 10 mg/ml Inject | Acute Lameness 
10577,,Bella:  Mini Chem with CBC IN HOUSE | Acute Lameness 
10578,,Bella:  Carprofen 75mg Tablets #27285 | Acute Lameness 
10579,,Bella:  Radiograph Series Extremity 2 view | Acute Lameness 
10580,,Bella:  Medical Examination | Acute Lameness 
10581,,Bella:  Radiograph - Additional View/Follow up | Acute Lameness 
10582,,Bella:  Gabapentin 100mg Capsules #27286 | Acute Lameness 
10583,,Bella:  DexDomitor 10ml Inj. | Acute Lameness 
10584,,Bella:  Hospitalization Level 2 | Acute Lameness 
10585,,Bella:  Pet Care Rewards Membership Renewal | Acute Lameness 
10586,,Bella:  Pet Care Rewards Complementary Exam | Acute Lameness 
10587,,Claudia Louisa:  Flexadin Plus Small Cat and  Dog  | GI issue  
10588,,Claudia Louisa:  Enacard Tablets 2.5mg x 28 | GI issue  
10589,,Claudia Louisa:  Pill Pockets K9 Tablets(30) Chick | GI issue  
10590,,Claudia Louisa:  Canine PVD Gentle Snackers 8oz/22 | GI issue  
10591,,Astro:  EXAM - REGULAR | TPLO  
10592,,Astro:  GENTASPRAY | TPLO  
10593,,Cocoa:  Recheck Exam: Bladder stone | Pollakuria  
10594,,"Cocoa:  Radiology:Setup, 1 View, Interpretation | Pollakuria  "
10595,,Cocoa:  t/d Canine Hills - 2.27kg | Pollakuria  
10596,,Cinnamon:  Therapeutic Laser  Treatment (per site) | Post TPLO for ACL repair 
10597,,Chance:  PD i/d K9 8.5lb 8618 | skin irritation 
10598,,Chance:  Exam/Consultation Brief Ear/Skin Recheck | skin irritation 
10599,,Zeuss:  Cartrophen Vet 100mg/ml | ongoing meds for arthritis 
10600,,Loki:  Atopic Derm Immunotherap 10mg Vial CADI | refill medication and itching 
10601,,Loki:  Examination  Consultation | refill medication and itching 
10602,,Loki:  BioHazard Fee | refill medication and itching 
10603,,Loki:  Denamarin Tabs 425mg - Large Dog 30ct | refill medication and itching 
10604,,Loki:  Galliprant 60mg Tablets | refill medication and itching 
10605,,Loki:  Superchem & CBC  - idexx lab | refill medication and itching 
10606,,Loki:  Atopic Derm Immunotherap 40mg Vial CADI | refill medication and itching 
10607,,Sam:  Medical Waste Disposal - NJ Regulated | Ear infection 
10608,,Sam:  Exam - Annual Physical Exam | Ear infection 
10609,,Vienna:  Metacam Inj. 0.5% | Torn Nail  
10610,,Vienna:  Simplicef 200 mg Tablets | Torn Nail  
10611,,Vienna:  Torn Nail Therapy | Torn Nail  
10612,,Ivy:  Percorten (per mL) Rx | Medication refill for Addisons 
10613,,Daisy:  Meropenem 500mg Vial | cont of care -uti  
10614,,Daisy:  Medical Waste Disposal-State Mandated | cont of care -uti  
10615,,Cosmo:  GRM GRATUITY/ TIP | Gastroenteitis/IBD 
10616,,Zoey:  RCVD Hypoallergenic K9 33lb/15kg 60275 | Medication Refill 
10617,,Apple Mac Yorkson:  Clindamycin HCL Drops 20ml | Dental Extractions  
10618,,Apple Mac Yorkson:  Metacam 1.5mg/ml  | Dental Extractions  
10619,,Apple Mac Yorkson:  Canine Extraction Pkg. 1-15lbs | Dental Extractions  
10620,,Apple Mac Yorkson:  Butorphanol Tartrate Injection | Dental Extractions  
10621,,Apple Mac Yorkson:  IV Catheter-with Insertion | Dental Extractions  
10622,,Apple Mac Yorkson:  Propoflo Injection | Dental Extractions  
10623,,Apple Mac Yorkson:  Gas Anesthesia Sevoflurane | Dental Extractions  
10624,,Apple Mac Yorkson:  IV Fluid 1 Litre (or less) | Dental Extractions  
10625,,Harley:  Clavamox Chew Tabs 375 mg | Swollen Jaw 
10626,,Harley:  Exam - Office Visit | Swollen Jaw 
10627,,Harley:  Cytology & FNA (In Clinic) | Swollen Jaw 
10628,,Teddy:  Dispensing Fee (Attachment Only) | Pre-hernia repair surgery treatment  
10629,,Teddy:  Meloxicam Oral Susp. 10ml (Metacam) | Pre-hernia repair surgery treatment  
10630,,Harper:  Concentrated Wind Toxin per gram | Skin Allergies  
10631,,Harper:  Concentrate Tendon/Ligament per gram | Skin Allergies  
10632,,Harper:  Conc. Long Dan Xie Gan Powder per gm | Skin Allergies  
10633,,Baxter:  Metabolic Feline Hills - 3.85kg | pick up insulin/insulin syringes and food 
10634,,Baxter:  Discount: Metabolic Feline Hills - 3.85kg | pick up insulin/insulin syringes and food 
10635,,Baxter:  Caninsulin - 10mL | pick up insulin/insulin syringes and food 
10636,,Baxter:  Discount: Caninsulin - 10mL | pick up insulin/insulin syringes and food 
10637,,Pixie:  ISADERM GEL 15gm  | bum rash 
10638,,Emmy:  Apoquel 5.4mg Tabs #21362 | Allergies 
10639,,Copper:  Follow Up - Cardiology | Heart Condition previous claims were submitted under abdominal mass accidently.
10640,,Bebe:  Boarding-Dog >60lbs. | Cytopoint 
10641,,Bebe:  Board W/Treatment | Cytopoint 
10642,,Cali:  Apoquel 5.4 mg - tablet | skin allergies 
10643,,Rango:  Vaccinations Canine | Liver issue 
10644,,Rango:  Bordetella Oral Vaccination - Annual | Liver issue 
10645,,Rango:  Multipet Vaccine Discount | Liver issue 
10646,,Rango:  DA2P Vaccination 3 Year | Liver issue 
10647,,Rango:  Rabies Vaccination - 3-Year | Liver issue 
10648,,Charlie:  CADI (Cytopoint) 20mg/mL/VIAL OPINJ | Atopy 
10649,,"Chi Chi:  CBC, COMPREHENSIVE (VCBC) | Seizures "
10650,,Chi Chi:  URGENT CARE | Seizures 
10651,,Chi Chi:  BLOOD PROFILE (MINI)--STAT | Seizures 
10652,,Chi Chi:  T4/CHOLESTEROL (VT4) | Seizures 
10653,,Chi Chi:  Miconosol Lotion 1% 60 ml | Seizures 
10654,,Chi Chi:  OFFICE EXAM - COMPREHENSIVE | Seizures 
10655,,Mona Lisa:  PD i/d Fel 5.5oz Cn 4628 | Medication Refill 
10656,,Mona Lisa:  Bene-Bac Pet Gel 15g DISPMED | Medication Refill 
10657,,Bandit:  RCVD GI Fiber Response K9 8.8lb/4kg 48398 | Diahrrea 
10658,,"BIMINI:  Neo Poly Dex Ophthalmic Suspension 5ml | Ongoing UTI, skin issues, and conjuctivitis  "
10659,,Paris:  FortiFlora Canine Probiotic Supplement 30p | Bloody stools  
10660,,Paris:  Tylosin 50mg CMP DISPMED | Bloody stools  
10661,,DUNCAN:  Royal Canin Canine G.I. Low Fat Can | diarrhea 
10662,,DUNCAN:  PROVIABLE DC Capsules | diarrhea 
10663,,DUNCAN:  Royal Canin Canine G.I. Low Fat Can | diarrhea 
10664,,Ranger:  Fecal O&PCmb T808 1yr | Diarrhea 
10665,,DUNCAN:  I/D Low Fat Canine Can 13oz | diarrhea 
10666,,DUNCAN:  Royal Canin Canine G.I. Low Fat Can | diarrhea 
10667,,DUNCAN:  HEARTGARD PLUS Chewable 26-50 lbs | diarrhea 
10668,,"Bandit:  Omeprazole (gen) 10mg Cap DISPCHR | Cushings disease and refill of all meds, moist dermatistis and pain meds "
10669,,"Bandit:  Omeprazole (gen) 20mg Cap DISPCHR | Cushings disease and refill of all meds, moist dermatistis and pain meds "
10670,,"Bandit:  AmLodipine (gen) 2.5mg Tab DISPCHR | Cushings disease and refill of all meds, moist dermatistis and pain meds "
10671,,"Bandit:  Benazepril (Fortekor) 20mg Tab DISPCHR | Cushings disease and refill of all meds, moist dermatistis and pain meds "
10672,,"Bandit:  Trilostane (Vetoryl) 30mg Caps 30ct DISPC | Cushings disease and refill of all meds, moist dermatistis and pain meds "
10673,,"Bandit:  Gabapentin (gen) 300mg Cap DISPMED | Cushings disease and refill of all meds, moist dermatistis and pain meds "
10674,,"Bandit:  Pill Pocket Capsule Chicken 15.8oz | Cushings disease and refill of all meds, moist dermatistis and pain meds "
10675,,Chrissey:  Revolution 5-10# K9 (6 Month Supply) | Liver/Adrenal Gland 
10676,,Chrissey:  Denamarin Cat & Small Dog -30 count box | Liver/Adrenal Gland 
10677,,Chrissey:  Ursodiol 250mg tab | Liver/Adrenal Gland 
10678,,"Benny:  Bath  21-40# | dermatitis,/alopecia "
10679,,Yuka:  Medical Progress Exam | Sprain 
10680,,Yuka:  (Ascenta) Baie Run Omega 3 Canine 200ml | Sprain 
10681,,Sophie:  Bath  61-80# | Allergy; otitis externa 
10682,,Sophie:  Examination - 2nd Pet | Allergy; otitis externa 
10683,,Tucker:  CHEM 17 Repeat w bc-In Clinic | RH Lameness and cyst 
10684,,Tucker:  CONSULTATION | RH Lameness and cyst 
10685,,Tucker:  RADIOGRAPH (INITIAL) | RH Lameness and cyst 
10686,,Tucker:  Clavaseptin 250mg Tab DIN 02316919 | RH Lameness and cyst 
10687,,Tucker:  Gabapentin 100mg DIN 02244513 | RH Lameness and cyst 
10688,,Tucker:  Clip and clean wound per min | RH Lameness and cyst 
10689,,Tucker:  LARGE SLING | RH Lameness and cyst 
10690,,Tucker:  Metacam 1.5 mg/ml Oral DIN 02237715 | RH Lameness and cyst 
10691,,Katon:  Senior Wellness Exam* | Senior Wellness exam  
10692,,"Katon:  Cystocentesis, US view of bladder | Senior Wellness exam  "
10693,,Katon:  Chem 27 SDMA CBC FT4 TT4 UA UPC 2664999 | Senior Wellness exam  
10694,,Katon:  Gabapentin 300 mg Capsules #64943 | Senior Wellness exam  
10695,,Katon:  Biohazard Fee | Senior Wellness exam  
10696,,Katon:  Adequan Maintenance single inj 91-130 lb | Senior Wellness exam  
10697,,George:  APOQUEL 5.4mg | allergies 
10698,,Bandit:  FortiFlora Canine Probiotic Supplement 30 | Bad Gas 
10699,,Gordie:  Syr Ins Caninsulin U40 0.5mL 29Gx0.5in 10 | Medication refill 
10700,,Gordie:  MISC Dog Supplies | Medication refill 
10701,,Gordie:  Insulin (Caninsulin) U40 10mL DISPCHR | Medication refill 
10702,,Daisy:  Miscellaneous Surgery | plate removal - follow up to luxation surgery 
10703,,Daisy:  RAD FollowUp Radiograph | plate removal - follow up to luxation surgery 
10704,,Daisy:  Carprofen (Rimadyl) 25mg Cw Tab DISPMED | plate removal - follow up to luxation surgery 
10705,,Daisy:  Pain Management Level 2 | plate removal - follow up to luxation surgery 
10706,,Daisy:  Aerobic Culture&Sensitivity Anaerobic Cult | plate removal - follow up to luxation surgery 
10707,,Daisy:  ADD Sevoflurane | plate removal - follow up to luxation surgery 
10708,,Daisy:  Cefazolin (gen) 100mg/mL/mL IHINJ | plate removal - follow up to luxation surgery 
10709,,Daisy:  AmoxiClav (Clavamox) 125mg Tab DISPMED | plate removal - follow up to luxation surgery 
10710,,Daisy:  NSAID #1 SA810 | plate removal - follow up to luxation surgery 
10711,,Daisy:  RAD Radiology Interpretation Followup | plate removal - follow up to luxation surgery 
10712,,Daisy:  Block Incision | plate removal - follow up to luxation surgery 
10713,,Daisy:  ADD Bupivacaine (Nocita) 13.3mg/mL/mL (w/B | plate removal - follow up to luxation surgery 
10714,,Daisy:  ADD Maropitant (Cerenia) 10mg/mL/mL IHINJ | plate removal - follow up to luxation surgery 
10715,,Jimmy:  Office Visit - Work in Exam | Limping 
10716,,Jimmy:  Rimadyl Chewable  75 mg | Limping 
10717,,Ava:  Tech Time per 10 minutes | Allergic reaction 
10718,,Ava:  Diphenhydramine 50mg/ml 1ml vial | Allergic reaction 
10719,,Ollie:  Leptospirosis Vaccination (Annual) | Preventative Health Exams and Vaccines 
10720,,Ollie:  Preventive Health Exam (Annual) | Preventative Health Exams and Vaccines 
10721,,Ollie:  Fecal w/Centrifugation (In-House) | Preventative Health Exams and Vaccines 
10722,,Ollie:  Canine Cough Intranasal Vaccine (Annual) | Preventative Health Exams and Vaccines 
10723,,Mila:  Brief Recheck Exam | Ear infection  
10724,,Mila:  Ear Clean Minor <10min | Ear infection  
10725,,Mila:  Mometamax (Generic) 15 gm | Ear infection  
10726,,Mila:  Pluck Ear Hair | Ear infection  
10727,,CHEDDY:  Metronidazole (gen) 250mg Tab DISPMED | diarrhea 
10728,,"Pia-:  Anal Glands | nail trim, anal glands, bloodwork  "
10729,,"Pia-:  Culture/Sensitivity (M020) | nail trim, anal glands, bloodwork  "
10730,,"Pia-:  Nail trim | nail trim, anal glands, bloodwork  "
10731,,Oreo:  Culture and Sensitivity | possible UTI Please call with questions 9528848248 
10732,,LOKI:  Discount: Fluorescein Eye Stain | eye ulcer  
10733,,LOKI:  Cerenia Injectable 10mg/mL | eye ulcer  
10734,,LOKI:  Discount: Cerenia Injectable 10mg/mL | eye ulcer  
10735,,LOKI:  Fluorescein Eye Stain | eye ulcer  
10736,,Mila:  Radiographs - Set up and Two Views | abdominal discomfort 
10737,,Jax:  Interceptor + 23mg 22.8-45.4kg Blue #728 | abdominal discomfort 
10738,,Lily:  Nexgard 10.1-24.0 lbs Canine 3pk | anal gland expressinion 
10739,,Lily:  Anal Sac Gland Expression | anal gland expressinion 
10740,,Penny:  Exam - Comprehensive | bump 
10741,,Penny:  Bordetella - Canine Oral Booster | bump 
10742,,Peanut:  Subcutaneous Fluids - Add | Constipation? Pancreatitis? Ileus? Hepatic/renal insufficiency? 
10743,,Peanut:  Tramadol 10mg HCL Tablet each | Constipation? Pancreatitis? Ileus? Hepatic/renal insufficiency? 
10744,,Peanut:  CPLI In House - Add On | Constipation? Pancreatitis? Ileus? Hepatic/renal insufficiency? 
10745,,"Peanut:  SA General Panel Chem17,CBC,elyts inhous | Constipation? Pancreatitis? Ileus? Hepatic/renal insufficiency? "
10746,,Peanut:  Recheck Exam   | Constipation? Pancreatitis? Ileus? Hepatic/renal insufficiency? 
10747,,Harry:  DR. CONSULT CANINE EMERGENCY  | ibuprofen Toxicity  
10748,,Barry:  Pill Pocket Capsule K9 Peanut Butter 7.9oz | refill medication  
10749,,Tyra:  Deramaxx  25mg | LEFT HIND LAMENESS 
10750,,Jillian:  Anal Glands Expressed | Anal Abcess 
10751,,North Dakota:  Progress Exam | Senior Blood Profile 
10752,,North Dakota:  HWM 4dx Snap - IH | Senior Blood Profile 
10753,,North Dakota:  IDEXX Senior Profile with Reflex UP | Senior Blood Profile 
10754,,Archie:  Abdominal Ultrasound - Saturday  | Vomiting 
10755,,Archie:  Fluid Maintenance - 0 - 12 Hours  | Vomiting 
10756,,Archie:  Fluid Pump per Day  | Vomiting 
10757,,Archie:  Chem / CBC / Electrolytes (In House)  | Vomiting 
10758,,Archie:  Metronidazole Injection  | Vomiting 
10759,,Archie:  Radiographs - 2 View Stat with Spec Int. | Vomiting 
10760,,Archie:  IV Catheter Placement | Vomiting 
10761,,Coco:  Consultation - Emergency -  | Possibly ate Cigarette 
10762,,Coco:  Charcoal per ml - 222mg/mL | Possibly ate Cigarette 
10763,,Coco:  IV Setup - Catheter & IV Set | Possibly ate Cigarette 
10764,,Coco:  Fluids per bag | Possibly ate Cigarette 
10765,,Coco:  I-Stat EC-8 | Possibly ate Cigarette 
10766,,Coco:  IV Maintenance 12 hrs | Possibly ate Cigarette 
10767,,Coco:  Hospitalization/Nursing Care up to 12hrs | Possibly ate Cigarette 
10768,,Duke:  Metronidazole 250mg | foreign body 
10769,,Duke:  Heartgard PLUS K9 CHEWABLE 51-100# Brown | foreign body 
10770,,Duke:  Simparica 44.1-88lbs (Green) | foreign body 
10771,,Duke:  Cerenia 160mg 4 pack | foreign body 
10772,,Duke:  Inj Famotidine ( Pepcid ) | foreign body 
10773,,Duke:  Comprehensive Illness Exam | foreign body 
10774,,Duke:  Inj Cerenia ( Maropitant) | foreign body 
10775,,Duke:  Fluids SQ - up to 500ml/treatment | foreign body 
10776,,Duke:  Radiology Follow-Up Single-View Study | foreign body 
10777,,Duke:  Specialist Radiology Consult | foreign body 
10778,,Duke:  Radiology Diagnostic Single View Study | foreign body 
10779,,Laila:  Azodyl Capsules #90 | Medication refills 
10780,,Laila:  Phos Bind Powder (200gm) | Medication refills 
10781,,Piper:  Amantadine 100mg - SUMMIT | Limping Left Front Leg 
10782,,"Mack:  Superchem,CBC,T4 | Lump on stomach "
10783,,"Mack:  Radiograph, Set Up & 2 Views | Lump on stomach "
10784,,"Mack:  Consultation, General | Lump on stomach "
10785,,CECE:  Apoquel 16mg Tablets B100 | ITCHY SKIN 
10786,,"Howie:  Gentocin Topical Spray 60 ml | skin infection, Anal Gland Infection "
10787,,"Howie:  Wound Treatment | skin infection, Anal Gland Infection "
10788,,"Howie:  Office Visit RECHECK -- extended | skin infection, Anal Gland Infection "
10789,,Huckleberry:  Posatex 15g DISPMED | Ear infection 
10790,,Airibella:  General Diagnostic (2) - Gen 2 | Bloodwork for upcoming knee surgery 
10791,,Daisy:  Simparica / Interceptor SINGLES 10-20kg | Itching 
10792,,Daisy:  Apoquel 16 mg tab | Itching 
10793,,Daisy:  Exam- Physical And Consultation | Itching 
10794,,Luna:  Tramadol 50 mg Tablet | lamness 
10795,,Luna:  Acepromazine Tablet 25 mg | lamness 
10796,,Luna:  Exam/Consult - Level 2 | lamness 
10797,,Luna:  Rimadyl 100mg Chewable Tab | lamness 
10798,,Prince George:  Emergency Examination | Fell off of couch and hit head. 
10799,,Henry:  Exam/Consultation | Pre surgery exam  
10800,,Henry:  Anesthetic Monitoring | Pre surgery exam 
10801,,Henry:  Anesthetic Maintenance - Isoflurane | Pre surgery exam 
10802,,Henry:  Surgical Services - Veterinarian | Pre surgery exam 
10803,,Henry:  NEUTER Canine >20kg | Pre surgery exam 
10804,,Henry:  Cerenia Inj. 10mg/ml | Pre surgery exam 
10805,,Jaws:  Prednisone 20mg Tabs #21371 | Facial neuritis  & Seizures  
10806,,Jaws:  Phenobarbital 64.8mg Tabs #21371 | Facial neuritis  & Seizures  
10807,,Theia:  EXPRESS ANAL GLANDS | EARS 
10808,,Theia:  EAR CLEANING LEVEL 1 | EARS 
10809,,Theia:  Exam - General Comprehensive/Illness | EARS 
10810,,Theia:  VET SOLUTIONS EAR CLEANE 8oz | EARS 
10811,,Lilo:  Cytopoint Injection 80.1-90 lbs | Skin 
10812,,Lilo:  Ketoseb PS Wipes | Skin 
10813,,Lilo:  Progress Exam | Skin 
10814,,Lilo:  Biohazard Fee | Skin 
10815,,Brodie:  Chiropractic treatment | Left capital physeal fracture-sore today; vomiting and diarrhea 
10816,,Clementine:  Catalyst CBC | IMHA  
10817,,Clementine:  Catalyst CBC | IMHA  
10818,,Clementine:  Omeprazole 10mg/mL | IMHA  
10819,,"Clementine:  Catalyst General (Chem 17, CBC, Elec. | IMHA  "
10820,,"Clementine:  Catalyst General (Chem 17, CBC, Elec. | IMHA  "
10821,,Clementine:  PrednisoLONE Tabs 5mg DIN 02246080 | IMHA  
10822,,AJAX:  Neopolydex Ophthalmic Suspension | conjunctivitis 
10823,,AJAX:  EXAM Comprehensive (well) | conjunctivitis 
10824,,AJAX:  BORDETELLA BOOSTER (6 month) | conjunctivitis 
10825,,AJAX:  REG MED WASTE (outpatient) | conjunctivitis 
10826,,AJAX:  LYME CR 2ND VACCINE IN SERIES | conjunctivitis 
10827,,AJAX:  INFLUENZA BIVAL YEARLY VACCINE | conjunctivitis 
10828,,"Basil:  Consultation, Emergency | Diarrhea "
10829,,Basil:  Proviable DC for Dog/Cat per cap | Diarrhea 
10830,,Basil:  Radiograph - Radiologist Review | Diarrhea 
10831,,"Basil:  Fluid, Subcutaneous - Small/Exotics | Diarrhea "
10832,,Basil:  Radiograph Two Views | Diarrhea 
10833,,DUKE:  AmoxiClav (Clavamox) Chew 62.5mg Tab DISPME | anemia  
10834,,DUKE:  RAD Thorax 1-2 Views | anemia  
10835,,DUKE:  Prednisolone (gen) 5mg Tab DISPMED | anemia  
10836,,DUKE:  AIS Radiology Interpretation | anemia  
10837,,DUKE:  VetScan Comprehensive Diagnostic Profile+CB | anemia  
10838,,DUKE:  Exam/Consultation Brief Eye Recheck | anemia  
10839,,Brodie:  Chiropractic treatment | anxiety (chiro) 
10840,,SOPHIA:  EN Canine (Canned/Case) | NOT EATING/LETHARGIC 
10841,,SOPHIA:  Culture & Sensitivity (Urine) | NOT EATING/LETHARGIC 
10842,,SOPHIA:  Gentle Snackers | NOT EATING/LETHARGIC 
10843,,SOPHIA:  EN Canine (6# Bag) | NOT EATING/LETHARGIC 
10844,,SOPHIA:  BIOHAZARD DISPOSAL FEE | NOT EATING/LETHARGIC 
10845,,SOPHIA:  Urinalysis | NOT EATING/LETHARGIC 
10846,,SOPHIA:  Office Visit | NOT EATING/LETHARGIC 
10847,,SOPHIA:  CBC/Comp/Electrolytes (in-hosp) | NOT EATING/LETHARGIC 
10848,,SOPHIA:  Claro Otic Meds | NOT EATING/LETHARGIC 
10849,,SOPHIA:  Price-Match (alli vet) | NOT EATING/LETHARGIC 
10850,,Henry:  Furosemide Oral Sln 10mg/ml - Per ml | Cardiology Issues (medication added on) 
10851,,Henry:  Pimobendan 5mg/ml Susp - 36ml | Cardiology Issues (medication added on) 
10852,,Higgins:  Si Miao San - Four Marvels gran  | limping  
10853,,Higgins:  Acupunture/Chiro Treatment Combo | limping  
10854,,Higgins:  Rimadyl Chewable 100 MG (180s) | limping  
10855,,Pixy:  Cerenia (maropitant) inj. 10mg/ml | Dark Chocolate Toxicity 
10856,,"Pixy:  Chem 17, CBC, Electrolytes, (I/H) | Dark Chocolate Toxicity "
10857,,Pixy:  Hospitalization ASA2 per hour  | Dark Chocolate Toxicity 
10858,,Pixy:  Poison Control  | Dark Chocolate Toxicity 
10859,,Pixy:  Denamarin Advanced Sm K9 Chew 7-50# | Dark Chocolate Toxicity 
10860,,Pixy:  Diazepam 5mg/ml Inj | Dark Chocolate Toxicity 
10861,,Pixy:  ICU - IV Catheter Care/Fluids/Pump | Dark Chocolate Toxicity 
10862,,Pixy:  Trazodone 50mg tabs | Dark Chocolate Toxicity 
10863,,Pixy:  Emergency Consultation  | Dark Chocolate Toxicity 
10864,,Pixy:  Emesis (Induce Vomiting - use code 3674 | Dark Chocolate Toxicity 
10865,,Pixy:  Hospitalization ASA2 per hour  | Dark Chocolate Toxicity 
10866,,Zoey:  Diazepam (Valium) 2 mg Tablet* | Urinary Stones 
10867,,Remington:  Prednisone 20mg | allergic reaction 
10868,,Remington:  Inj Cerenia 10mg/ml | allergic reaction 
10869,,Remington:  Inj Benadryl 50mg/ml(Diphenhydramine) | allergic reaction 
10870,,Angus:  Famotidine (gen) 20mg Tab DISPMED | Vomiting 
10871,,Angus:  Famotidine (gen) 10mg/mL/mL IHINJ | Vomiting 
10872,,Angus:  Exam/Consultation    Well Patient | Vomiting 
10873,,Angus:  RAD Abdominal 3-4 Views | Vomiting 
10874,,Angus:  Fluids Subcutaneous 400mL-1L | Vomiting 
10875,,"Ginger:  Blood Pressure Measurment | Protein Losing Nephropathy, allergic skin disease "
10876,,"Ginger:  Breathalyser Vanilla Mint 50ml | Protein Losing Nephropathy, allergic skin disease "
10877,,"Ginger:  Douxo Calm Serum - 60ml | Protein Losing Nephropathy, allergic skin disease "
10878,,"Ginger:  Blood Collection | Protein Losing Nephropathy, allergic skin disease "
10879,,"Ginger:  Geriatric Panel -  Idexx | Protein Losing Nephropathy, allergic skin disease "
10880,,"Ginger:  Medical Progress Exam (Recheck) | Protein Losing Nephropathy, allergic skin disease "
10881,,"Lucy:  Consultation, Emergency | Limping "
10882,,Lucy:  Radiograph - Radiology Review STAT | Limping 
10883,,Lucy:  Gabapentin 300 mg Capsule | Limping 
10884,,Lucy:  Butorphanol 10 mg/ml Inj. (per ml) | Limping 
10885,,Lucy:  Radiograph Three Views | Limping 
10886,,Lucy:  Carprofen (Rimadyl) 75 mg Caplet BV | Limping 
10887,,Lucy:  Abaxis Vetscan Prep Profile | Limping 
10888,,Luna:  Diphenhydramine - Injection | allergies 
10889,,Luna:  Lab - Heartworm Test  | allergies 
10890,,Luna:  Leptospirosis Vaccine | allergies 
10891,,Luna:  CADI Inj 40mg | allergies 
10892,,Luna:  CADI Inj 20mg | allergies 
10893,,Luna:  Medical Exam - Wellness  | allergies 
10894,,Star:  Recheck Ear/SkinVagina Cytology | Ear infection 
10895,,Star:  Osurnia PER TUBE | Ear infection 
10896,,Angel:  Epiphen(Phenobarb)60mg/tab | SEIZURE 
10897,,Angel:  Epiphen(Phenobarb)30mg/ tab | SEIZURE 
10898,,Rimsky:  Office Visit  | Tail Injury 
10899,,Rimsky:  Medical Waste Disposal | Tail Injury 
10900,,Rimsky:  Meloxicam (metacam) Injectable 5mg/ml | Tail Injury 
10901,,Tyrion:  IV Pump | Foreign Body Blockage Post op 
10902,,Tyrion:  Exam - Progress 1 | Foreign Body Blockage Post op 
10903,,Tyrion:  Famotidine 20 mg tablets | Foreign Body Blockage Post op 
10904,,Tyrion:  EloxiOral Metacam 1.5 mg/ml (10ml) | Foreign Body Blockage Post op 
10905,,Tyrion:  Metoclopramide Inj 5mg/ml | Foreign Body Blockage Post op 
10906,,Tyrion:  Hill's Canine i/d Low Fat 12oz can | Foreign Body Blockage Post op 
10907,,Tyrion:  Famotidine Inj 10mg/ml | Foreign Body Blockage Post op 
10908,,Tyrion:  Amoxicillin Trihydrate Clavulanate 125mg | Foreign Body Blockage Post op 
10909,,Tyrion:  Biohazard Medical Waste Fee | Foreign Body Blockage Post op 
10910,,Tyrion:  Hospitalization</=12 hrs Medium 20-50lbs | Foreign Body Blockage Post op 
10911,,Tyrion:  Fluids IV Daily Treatment/Following Days | Foreign Body Blockage Post op 
10912,,Tyrion:  Cefazolin Inj 100mg/ml | Foreign Body Blockage Post op 
10913,,Tyrion:  Meloxicam Loxicam Inj 5mg/ml | Foreign Body Blockage Post op 
10914,,Oprah Belle:  Vanguard L4 (Lepto) | vaccine 
10915,,Oprah Belle:  Technician Appointment Level A | vaccine 
10916,,Oprah Belle:  OSHA Disposal Fee | vaccine 
10917,,Rocket:  After hours Call In (Specialist) | possible foreign body 
10918,,Rocket:  Consultation - Transfer from RDVM | possible foreign body 
10919,,Rocket:  Ultrasound - Abdomen | possible foreign body 
10920,,"Maximus:  Annual Canine Vaccines | Maximus was seen in the clinic today for Annual VX. There are no signs of the thicked pinna as noted on March 10/18. There was a focal scab on the left ear caused by trauma. Not further lesions noted on both ears, compoared to the 03-10-18 findings. "
10921,,"Maximus:  Biological Disposal Fee | Maximus was seen in the clinic today for Annual VX. There are no signs of the thicked pinna as noted on March 10/18. There was a focal scab on the left ear caused by trauma. Not further lesions noted on both ears, compoared to the 03-10-18 findings. "
10922,,"Maximus:  Canine Bordetella Annual Oral | Maximus was seen in the clinic today for Annual VX. There are no signs of the thicked pinna as noted on March 10/18. There was a focal scab on the left ear caused by trauma. Not further lesions noted on both ears, compoared to the 03-10-18 findings. "
10923,,"Maximus:  PVD K9 DRM Dermatologic Naturals 11.3kg | Maximus was seen in the clinic today for Annual VX. There are no signs of the thicked pinna as noted on March 10/18. There was a focal scab on the left ear caused by trauma. Not further lesions noted on both ears, compoared to the 03-10-18 findings. "
10924,,Riley:  Metronidazole:100mg/ml liquid (per ml) # | diarrhea 
10925,,Tyrion:  EloxiOral Metacam 1.5 mg/ml (10ml) | Foreign Body Blockage Post op 
10926,,Tyrion:  Famotidine 20 mg tablets | Foreign Body Blockage Post op 
10927,,Tyrion:  Cefazolin Inj 100mg/ml | Foreign Body Blockage Post op 
10928,,Tyrion:  Famotidine Inj 10mg/ml | Foreign Body Blockage Post op 
10929,,Tyrion:  Meloxicam Loxicam Inj 5mg/ml | Foreign Body Blockage Post op 
10930,,Tyrion:  Biohazard Medical Waste Fee | Foreign Body Blockage Post op 
10931,,Tyrion:  Metoclopramide Inj 5mg/ml | Foreign Body Blockage Post op 
10932,,Tyrion:  Hill's Canine i/d Low Fat 12oz can | Foreign Body Blockage Post op 
10933,,Tyrion:  Exam - Progress 1 | Foreign Body Blockage Post op 
10934,,Tyrion:  Fluids IV Daily Treatment/Following Days | Foreign Body Blockage Post op 
10935,,Tyrion:  Hospitalization</=12 hrs Medium 20-50lbs | Foreign Body Blockage Post op 
10936,,Tyrion:  IV Pump | Foreign Body Blockage Post op 
10937,,Tyrion:  Amoxicillin Trihydrate Clavulanate 125mg | Foreign Body Blockage Post op 
10938,,Charlie:  Rovera (Carprofen) 75mg Cw Tab 30ct DISP | Injury to left knee 
10939,,"Oskar:  YGIA-14 Probiotic 3.5g K9 <10kg DISPMED | Vomiting, diarrhea "
10940,,Bodi:  Metacam 1.5mg/mL (by mL) | Broken nail 
10941,,Bodi:  Exam ~ Illness/Health Concern | Broken nail 
10942,,Harvey:  Biopsy w. Microscopic Descrip. 2 masses | Related to GVD 
10943,,Harvey:  Anesthetic Monitoring | Related to GVD 
10944,,Harvey:  Cerenia Injectable 20ml | Related to GVD 
10945,,Harvey:  Endoscope - Referral In Hospital | Related to GVD 
10946,,Harvey:  Sulcrate Susp Plus 1g/5ml Liquid | Related to GVD 
10947,,Harvey:  Induction | Related to GVD 
10948,,Harvey:  Anesthetic IV Fluids | Related to GVD 
10949,,Harvey:  Gabapentin 100mg/mL | Related to GVD 
10950,,Harvey:  General Diagnostic Panel w/CBC IH | Related to GVD 
10951,,Harvey:  Anesthetic Maintenance | Related to GVD 
10952,,Harvey:  Hospitalization During the Day | Related to GVD 
10953,,Harvey:  Omeprazole 10mg/ml | Related to GVD 
10954,,Harvey:  Tramadol 10mg/ml Oral Liquid (Summit) | Related to GVD 
10955,,Angela:  Physical Exam W/Vaccinations - Adult | Hair loss 
10956,,Angela:  Senior Screen # 865 | Hair loss 
10957,,Angela:  Urine Collection | Hair loss 
10958,,Angela:  In House Cytology- Dip-Quick Stained | Hair loss 
10959,,Angela:  Phlebotomy | Hair loss 
10960,,Cisco:  RAD Abdominal 1-2 Views | ate toxin 
10961,,Cisco:  Fluids Subcutaneous 50-400mL | ate toxin 
10962,,Cisco:  Exam/Consultation Emergency | ate toxin 
10963,,Cisco:  AIS Radiology Interpretation | ate toxin 
10964,,Cisco:  Maropitant (Cerenia) 10mg/mL/mL OPINJ | ate toxin 
10965,,Cisco:  Metronidazole (gen) 100mg/mL/mL CMP DISPME | ate toxin 
10966,,Service charge on unpaid balance | Lameness and Pain 
10967,,Luna:  Plasmalyte 1000ml bag | Diagnosed with kidney failure.  Prescribed prescripion diet 
10968,,BUBBA:  Apoquel 16mg Tablets B100 | ITCHY SKIN 
10969,,BUBBA:  BATH-INCOMING | ITCHY SKIN 
10970,,BUBBA:  EXAM | ITCHY SKIN 
10971,,"Zumi:  Hazmat Disposal Fee, Syringe | Dental Nerve Pain "
10972,,Zumi:  Sample Collection | Dental Nerve Pain 
10973,,Zumi:  Preop Panel to Lab w/PT and PTT | Dental Nerve Pain 
10974,,Leo:  Office Visit - Sick or Injured Pet | Inappetence 
10975,,Leo:  Subcutaneous Fluids - In CLINIC | Inappetence 
10976,,Leo:  MEDICAL WASTE | Inappetence 
10977,,Leo:  In Clinic FPL (Pancreatitis Testing Cat) | Inappetence 
10978,,Leo:  IDEXX  Superchem/CBC/T4 - ADULT | Inappetence 
10979,,Leo:  Cerenia Inj. (Sm) | Inappetence 
10980,,Jerome:  VS CBC T4 UA SA037 | Weight Loss 
10981,,Jerome:  PD c/d Multicare Fel Ocean Fish 8.5lb 278 | Weight Loss 
10982,,Jerome:  Exam/Consultation   Medical Condition | Weight Loss 
10983,,Sparky:  PD z/d K9 5.5oz cn 5403 | Laser therapy injection and meds  
10984,,Sparky:  PD i/d Low Fat GI Restore K9 13oz Can 186 | Laser therapy injection and meds  
10985,,Sparky:  NeoPredef w/ Tetracaine Powder 15g DISPME | Laser therapy injection and meds  
10986,,Sparky:  Adequan 100mg/mL/mL OPINJ | Laser therapy injection and meds  
10987,,Sparky:  FortiFlora Canine Probiotic Supplement 30 | Laser therapy injection and meds  
10988,,Grace:  Bravecto Blue 44-88# Chew | diabetes insipidus/incontinence/rx food 
10989,,Grace:  Medical Progress Consultation | diabetes insipidus/incontinence/rx food 
10990,,Grace:  Sentinel White 51-100 lbs - 6 mo. | diabetes insipidus/incontinence/rx food 
10991,,Coco:  Anal Sacs Expressed | anals  
10992,,Amelia:  Drop Off Examination | Mass Left Rear Foot 
10993,,Amelia:  OSHA Medical Waste Compliance | Mass Left Rear Foot 
10994,,Amelia:  Cytology w/ Microscopic Des. (1 Site) | Mass Left Rear Foot 
10995,,MARLEY:  Aluminum Hydroxide 80mg Caps | kidney disease (requirements for kidney transplant) 
10996,,MARLEY:  Lactated Ringers | kidney disease (requirements for kidney transplant) 
10997,,"MARLEY:  Needles 18g x1""  Each | kidney disease (requirements for kidney transplant) "
10998,,Theo:  Thyroid Free T4 (ED) Add on - ADD50 | exam ear skin 
10999,,MYSTIQUE:  Exam/Medical Progress FollowUp | Degenerative joint disease 
11000,,Cricket:  RAD FollowUp Radiograph | Vomiting 
